{"file_hashes":[{"block_hashes":["Zy7Dj9nhLr8JlywFC/Bmu/K9t+nc7AVHQso4A71iPyE=","T1ZGD+ktp/tPnI4xcm1D1UvIXXOn37DVlFxrVmw+iWg=","sMqr0yLIod87wTqWel+i2A2TKa4wPT+UdV5RpPmaLsY="],"block_size":4096,"path":"_locales/be/messages.json"},{"block_hashes":["xC4vCkjsOlVeHProx8PezI4MpoFoYGmSUpz2qLaKkU4=","kXvUCpUYDVwUpmzCyFlQuSfwxkJRuvEpivMI5Nrh0+Q=","CfZ+rltVyqjYerxOaSp33bVAmtWlYkqlBjSGtmQf7tA="],"block_size":4096,"path":"_locales/si/messages.json"},{"block_hashes":["6L/lURYXiBGG2ZjjhVc5DRNj7JCxltcTALqt6yXPXiA=","z0Szw7cpom28sT5OwHyhCm35ejRM3zK0ds8gfQ6fC1g=","83MYK9/54mbL+BA4kDn50/xJhxbXa2qF/5zqoEIhEGw=","c6VCie0ZBUT5LzRuB63q/fV5W/OuInqhgzbkqKvo2fA=","4A5b5vLYMXZKg0ZpYjjFjXH7yoreuBU+hpGSShXmluE=","k9KwexkkhPGKZDe0net9KeLBtAWqYEb90y88AULY91M=","1/WqeVguavClMWbLxKnBf3Zf+au5yRYk30F+0LWzdHk=","Oet1I+sBlPEb5r2qGzY3Xa1CN9O4t7pqYlRWtHIZezM=","Za/XWEL2cUhHlVl32zo9b5o7veZj74gJXXjgJQvf1IU=","/Svxqbqqmj1464m2XyX8bQN/1c4I5UnMcQGHahL9lfw=","qDwEhO0jkRBEbALa2X6jJk6ag1+6hNLdiGqavULHQlw=","AxQUD11kJwOWOfWpEAW55Yahj1eioz/zMIDl40sP7jc=","I1Wd1yYwPl1cDdFp5xsRQMLA9go/BRpcZALrkM1VYCA=","POse/61gYj9XGtS8QHq6GrhKHg5X6z4gGBZN2wOroyI=","v8irxYHFOkcWFU632T6HfHtDubWlTnOdKjf9g/gU4Y8=","J70HhbNWKuuBHnGERztovWsCVBu5fu3emJErJLp3DgA=","68vc0Cj6cmefFZfO2F6Gej8qsSelZIi9FIkTSxX4tEs=","933eCwGtQ31lMCxRdS7LER2sW9pQqrMt86Ih5Cdl8ac=","X1SWGoVx7klbnRP2R/Yt/IElDGAZO7nHvqrtP5iKsQM=","nE22PdUR1yZC02tmvgSBCd25xSGavjBgDaLqq1zp/rE=","j8mDx8jv4grRdU+OLsI5h8vSMm7AqnjI8xCnK8H+rI0=","WdSgpDJpn8Qw/KTT+6xJ/3Y4HPOLfLr74eSUJOI0z4w=","MntdZ42YQJIJXSEnebhvV703zx9sPc0n2TtVf2ZUz4w=","7AukMToZEFPzUhk5sbPQYItGRAiG8z/Q/1scuYuanCw=","beymupmWAlP4u10zs7NyUW16lB0PmU6uODPc+1iQBXE=","ppMyarRe5U6NbxU17Z7mNVhpR+/9YVdZZkFLw6Q2WRg=","UjjcuDZvOp6xffZ0xiA9nWUf6y48WivmJvY46yDYjYc=","U2zrr8JWl3BpO2sS0TeWTG2bgZyndThfSIDLEk5WmYY=","Ha9cTIOmiErqv732AnJCMjycmfYrS7YNqaZHqEFq9RM=","A4/s+i4kT8hMiAcXFlRbpcZgw5Y9kQaHGuyEYhmRQkw=","va7EY9Cqv1L6xAu/nAHiCvQeuBSLRnzIGmUZWXnMyiE=","wy1VsBtGYxdqaKGWWyQo3L7xCAHKo7N87vx+pEcqoQ0=","re81egq0SZy54xmZoA4CB2SSNqhGjJjlXEki4fXUuL4=","WlyIdLRNEz4YQQD0lQdY/Cm2wQgEBE0M847TUbm9pg4=","Jk0w7HenhAJ/1F0V3BjxHnhuA8sskn3+zs7FBZbBMow=","vJnv0TG8DJgDIHTf+w2ABM/VBCHQXHzwMdA8jQkqSF4=","TMYGvnyK1iK67o81irBvCKaQtBBlNxa8RGQVpEPP7p0=","TXyXTZpTUPwHks0Ws/+LXnJtStIk9fJVoQ020srX6h8=","tlhXYSKa2vExwdV+XlQLyeGMAsZB0Qpn5daIGZA5xko=","u6Bx99NVWrTwKQDnOk/s1iIFHL1dtu9ikQXnQ5YHyzI=","JcD/uc/Qb23IMXH5Zv9+gt/y3A0W7zrBJEM3VrXDV8k=","VERliD0fl/u7CTFI8PfuKDAPYlFI4Uq5t8GiBfuwgs8=","nEk7s6Yy7YcnqR/6eXGrYYAHw4uyMznBZemxQDCLa9I=","cJ8LP4s3vDa5t5BpbZe0sh+uHuNv4eJ9Y+0UqdFcAKY=","MHKP2mPV5RF0iz037fKspgJmK5J21kzdTc66oA02LmI=","o5JqdypcuG6JtIcQ1SGr4/4HPrds/qGEbIDSi4nik70=","/VRF7RfdT4Xx9G0/QcThT/vrbRaG12af+SIAcLxYPMM=","alG0cgjwpV0IoxxPoeyowrAZu9AvEyyqqBl56BCBTxw=","g2jsZbQjaVNYMiA9AJ1AyZv1hRHWfBRdCyMtpa5kEuk=","YJFGxDDBe4pQdBVbT/sSCcYSs4ZZFOaVeXfjKO8TJjo=","PN+/01sy41m+BvR4CncbLwlwbie2gGmVinrb+BWVkLA=","x6YumGwWAX1jiR0g7svAnai4+DcyKyDaPv1i1oJAcfw=","qEb57bxk0V77Jl1roeH66/8lxVwowSvf+pcOIGgdt1M=","xSTrPNJQtGcVycTgDnIEsX8YcllrlLzNMUspGRidBz0=","PXhHfS4+bcrULqWdIU35VdBuvZbrNM/Ys62H4zbyHo4=","MUmLQmDHEsTkvBp+zjWL49+kPv+OJcbRNMl6sHXjijI=","U4BocmftxHhwR2PR69yCMWyzEqa6wXyissvIdDW+tM8=","N1gHxmp2+BuD84PdjBC0gaILlClftOn7mZxDxzU3bPo=","S0AHid4+dYFrACdHauDkMQw2bC7Cn2n9R8ZHAcqZCNg=","N8L5ANPxxmTNFUAFWh7FL05Ji8kZmWzl2y3JsJSBrTI=","vjmaQfHf+051QazdAOLAYC1npBan2Y0KKTEg6TCNx9Q=","hVRGHrCAEMud8Bmp6ZujH0rDwpjA+KJ52ErnUc8nSL4=","8+esxAtTg6RbNHK9Rw6DJufFAawsh/yMW+9+Z23R6ZA="],"block_size":4096,"path":"background/index.js"},{"block_hashes":["LYBov5dGlTtPu2GAX0UlHyu2pqoQP8N2R8LxiSACPFs="],"block_size":4096,"path":"config/color-schemes.drconf"},{"block_hashes":["dNtdVHDLi1aeZ2iYe7IUrJMhK+DHgvSXjCCQqYe6TAA=","uwlBt+6h1+S16JJJh6AhrworcLTY7wNDkkL1NaSQmbs=","pDnT7DfW72fnGYj0zBHLtxfmFq7pgj/z5668LmRxYxc=","ceaUj5k291PO12phWHKhwf4xLgL5YSyfBMur8wcJGbo=","No1XCG3qsnmOagfKDss++Anzfsf7CMsL3Px0fBsMJdc="],"block_size":4096,"path":"config/dark-sites.config"},{"block_hashes":["GSf7urZxVC+F/qndLhS8fvQCGA5Sg5UIeXqU+H8j0KA=","SfwIM7AnnDnY0NFzaHVbQSMnsjYLmQ2G6BOk+n3pAcs="],"block_size":4096,"path":"config/detector-hints.config"},{"block_hashes":["Ddmb95TKzChqsWcqrRR7I4PEFa25s/AddqZhKznnMf0=","59FBqAfaPh/s+iV4U/d6SxUaqlriDaujTFWwJpbOYA0=","nEh95jIk41PZCeF9BjYWLAE3cPrNTs4KdhqspesU6fk=","73Zdcp2hwsBmqHHKH4B0/lMwBfY5LwfYORa6O1vqgZI=","dQVKXAHlfBKd5GfuCBhRUZVjABSE6D+pXKQT6Zcaz5A=","9ow6DK4if1nDPq9BR3gfS7Jn5WUQtPF/uKJ/uUC4g6Q=","H6btRaX3/lqnjOMigV8BpPvyrK0FKjRSsMlESRLAUz0=","Ha2RD7bikOoNmAZ8qzyh2h6phZof4apBsaKr7oqdZp4=","WZbkpSU8yxp3sruXvLABH5sY3gX0A18/pm6y9TxN0CI=","LY6+rSTmtGVgF8krhLWNqFCLMSWJMIEkmXhpYA+N9is=","Qa0q4lGnLla6HHMjt3eepa8+jvm/6sN4Jo8wvW7eqgc=","HHcfsJzr5x2KHrlj9AkTEi7grsDlO2PT+P/Da/do2FU=","K0I9A1XS4CN7Uk3BT4hyg3qGIcb+ccKoI83ImwJeBYI=","nxLfcH+bS3Det8kODBSr/5JdIDLuvEoSvO4pUrIWUnw=","ofxd+vxqElAUZHWfusauGhZLynaMqchH1UfFyJLWuIE=","I5rHwavbF6/TqwKMOudOZTxiFlvSidP+arAJJE7Cklk=","55g8HTtz4te/nQzNteokqA62bw11WoRRAPJFWjmi+0E=","XKQmxFt0OMOVUSZJHZN6ID06QjK0jGU8cgZ4ePIWrFY=","TiPq+MbVAJ1BxKrWfZGAUcoWaI1/1Uj/A390EXjFkrk=","i0gP0G0fdITpjuA8VoJx3STfYhg300vsgCZwMh5f8GQ=","eoYiV0ZCkY7lG+38uhjCBNjQ7YJHDDyI/O1U0D9i7CI=","VGlTNlLIcyr/hwfkLpYThAogG4MdaJV9sOzFt1p95LI=","rUhmIxQKiDG9HPueVThW1AAEKwYK5DcUrI7DkGLXYdI=","uwZpeWcNj8kLwAeRhWCajtMhRQWeQSEdYYEY0vpokcY=","JFMtdPxrHc9maFbT4OQlSnSRfpCDZFjPIV9MJbIn7RU=","Q6gLvl4B3UUNBkaVJhQSdjrNYkDTrVazh2l5AWWN+ng=","0INwoKvn3seLz4PMhyS8xjx9KPf1YQ/xcItvUmgOcDQ=","OuBrJcvG+hnz8DJKJnukjHdP+eHEso0n/UULf3nWIE0=","7YlhIiEtKgHpJzhh1kHmEZ9UoR4gszbnSzExgSMeDAY=","1KZ8qv2GdEt0YJURFAAOzQJKUPnIJuoNqt3MdVWk1zo=","scNZQVbB1GpEqHqKekwanhf2PCplTxsYaMTEh9hXglU=","0s5ET5ATMdTRcjDRYkyWIzW69ac4E2arzJacouGxzNA=","DVWzrFT+/VpFQmgWMHyaPfYUBkYqZXjsDhJnk3V2YPs=","uG65wJP8TvAlEW/GIAkv9jTaiqhuK/AbxQtnQgXkJc8=","BhEGmnFZ5YFB2/Dl2Y2Rp7/ng0+2+nwA/z2DF6Jmcr8=","ejofMaKGr+s+wTKGeJw9DJnHBAkH8QFwZVkRWWls7tw=","ZUOW0uPw7vz87x7N3VVKXFpnFU5AJAihzpy2RE+fm+4=","XgMzYIOViXwvyw+PCfgBUofDHbCbbohobL3sh7Hg1LA=","K9pOnbehxH6UMm6wtjtwhJXmD3bfJMTbyV3wBUih/EQ=","dPbv0BcAu4gE8bvmAfBQS7nPjbSjzYm+1eH9Hvb7q7g=","eAYfCZ4M7G4zA1S93+0UNKsXUr6AA/gGNzN24Vw4wGY=","7JX9wNqqWuSBYCbSVxtRp6N6+44qO+YnahfNFYWiILk=","kvczJUZY57VrDhmF8xLYKCUIInc+0JVhQT9hz9jU7+o=","0L2lzpc0xbbSFtVr8viO8etMDzbU4j/WfeEqoVlOzII=","Lg9+tK5IQKKPsRuO47aCKflFGGvuM4lQzQufgooQ7jc=","R7f2MyJt2yrzMiQph9BSvpJQ6k8WkJRf7XNeBvDUa7c=","O3/9vyZ1Jlahp6y600ZO7ghWV1WzzjKS6ceoukWirhI=","wxw+IMUw7GcrSbZ/Zpht8bHzWzyc14W6GcUlem66tXY=","Qv8hP6DwqSg2anV2laOtglZEtpKLBzzd6wTVzFB0LU8=","hYJHPa/+axyldPJzs3mRwX1dGvtGdydDC6BVSN/oS6w=","eL8xbcba4EvLqzlhuLU+poqNsiI5U+STOalpASEjEog=","WD9U84c9ki5AoZFpGQp7QRPMMnWfgsPveAAAzn8Nlls=","sIWghBDC6gb3jnw6EmYJzobgbqfvUALuJgjHQbItmeY=","yeEQ0lmb1OVHUuahV7B8lcKvIBHBIhwghbrtmLnSSog=","M3UYsNU4/mP/68xCWItFmuZKnChQVXiYYTddTgFz+h0=","nEiTikOuUDQjxgiapusWboDGg+178vUHdElNINX02II=","3bUvi81u1hryK1SkBvnwJshf5Gfpd8oxgl536RrWvG0=","Dhf24Djv2lTAEB77KBhclPACwsMlJSQHe8uSdYkVUXQ=","pTIP5dBfHiJW2eBDVdmT/yx77uOogTzJ/RV8l53qc5k=","Zv7nm/ezb2LH19Jn3TWQq+FziS4mNmdG0Y/QlT0OaZo=","Neg4Qd9kNYf1LQBAslp4xbpzfqyAVwe6ZoRwI1+JcdA=","XjpCWSLAANuBy+O2TnFimmGu5/sNwvRzfAbEsfAdfBw=","KDbYkAax84GUTruytu3cpBBJW3eQ4gocQlsXfQ/xUKk=","crQVT/ZJHtLQ+qfUCbH75FZvTjNKP30GXkftmXQVbf8=","ljZU+HgtLS45j3vMBCwcJtFqwozISLKbQvCRmhvFe7Q=","GzSQGYBr0XqYd/GvZCUmJqa9MUwZCMavypYN9QHkVXo=","8v0g6a9+Ljs3/BaqeXckLLexv8eDCjxUXh7pTIP6FR8=","tfNMzOUqj6q3kwlIO3ih6JCBV1aWnGZ7qjy1/K5KGBk=","LnD0hqP9rnBOST++FcVh9tr7R9suCSCOmdbxlE9hXhc=","g90WAnQosLKrD/Y11PUDCCz9/op7cZjWPA590AjQAn0=","RXOXyG0mAf8iyiRnGHPDoj9Y5EFHSqtonctsk6M30HY=","d1krBWxsiUhnW61xBLH7juvXKLUCq8wTROh2HVhGLHU=","avTOEDPe0dhHflnea08nUnxbV0AwhFfWHZxbI2WSdmw=","zB35aF6UD5SQoeePDrbpKWz7u+yj8a4kneAQS90Y+C8=","g7LKE6+IconyzX7jvrNQzfloiS+5YqS43kvKY07aPmM=","cgGAYPlJjpDt63h5UAf7hh4phpSk1CfRdQ/hzZ7FeSM=","1MHQImxa65WsWtPrN10vCINSeRF48OeJo/orKdy7PpE=","9Ak81zaz3smURcKxjreSwAWL8ZM5vM8Hfm5LTLGeh4Y=","3rh6Z/dqbwGMpkPKxWxY/ACbuEXtM3wgL07GWTTFye4=","CLlUZFKWsam1xGWk6HimQnKMtYVn4B6hzjGRpH6MSqY=","JNt5CxHhvSYPo4eJf9es9j3WumxvfCT3VIHyHFFYWdY=","UQBuCYM8hZ7LIVSfCCCRGjOfsNGv5pFLN3FRd6BA120=","9umwKRuM6VC1TuLRNjxU3HXS5G/hgyiz/91rlguhV3g=","+UjcVwWn3qh0la3aOwdzrujN8A5NX3zdp1sm2/16sFY=","i4iDADKf2g5LklvljlcNQizFvtAn4NbdMVZWakJ5Lqw=","7KiKgWyuCJJirqHK8V41+do0DuibKnPJCiM05B4uNYk=","Taeg4B2BRCLLAFC+AWBufm9/j07xX35fnqedI0y/AgQ=","tFlpbOPdAgDk5c1fzesvV5vFn4xlv+xSIwI56Qt6tBI=","5o+L8CIlocp74RP21sskwxmCAQqkSMSMaFOTUbbszCQ=","wO1gDsXSS5aBhkymr0jFED9O0dQiTRcpe9t/+M1BIQc=","+AR5pb8Gf5DLuCz9wi/nhCt+RPisElT8EUMFRBFBLBQ=","2EYPZ8fLsSX0lyvpDE4/YYiovSUwfM6JW8GgY1nWCgE=","tgtjKJm1nEiCLvAvyJ5G2ut0RXaWYS6jdLLohobtS0w=","eDU9AV08TTxORGKWGj3T+7cBUlnrrXF5+Umsvdlqu78=","38bXvb6sipL72MZ76+6AP/s31phYnI7b81XZDrpnwFY=","hCXS0bPvLat2P2N2M+SAgrb/UhyDfKejJq7fr6HRrHw=","+VvMnhcoskVPwV9LxkcX7xH+ZOfYAOv6OC7P+GAX2Kk=","6QE9UJVqIobnA4suoLqhy1ATymNVnGOVWkCwPldEYLw=","h/SovM3txvA70yh7IfBKyxAbIgp2Zj+YeVcuxSuKv+Q=","xeGQrKUcZXHf/FaZGM5PumwfIMJWbe96cVT8O1LEQcA=","f4kL3jTfeb64yuLABDpNmRoJHvretZbx6KMTZ0cCPuI=","X2NfA1B0+vN93aPofBFj/50psx9HhhiRPy4etl8NRW0=","fP6C4yFs4R37YozHMqYx2smVwEu9hiNJiYgUoH5Rebo=","4onFZQRC8pVo5WqwMcGZ/udos1G2t78MePep0dWH7zM=","KDFGJRz/jswT9z4DP/tiH4KjS87e25/e04KhNnrSIjM=","zCaqcLs0VDhnT24QfaznI9oqM7TsGX5eW3L40KMUuZw=","jIjdwuVjTZszuQC0fody1y3HGmQZthUG4A9jcZapYjk=","LVfXQHaw5wV1bbQTP5WTlUDQoDykdzxb4S7rVEYU/zg=","gNdP2G+E4k2guy4FSmGfhwq+5YFl49ckmQqngyMk3cA=","tCTvHOu/IbYylcHKUidIsUbkwCTjgLIaFwFXOZEe/hE=","ChU9E1hymFuOaWDWkQHnW2aat0HVnsrxQWUE90lynMU=","V9BkMmHA46/u0Pq5lEVcy5NgVi725bm6K+0Dzf5bfBo=","2I7JQVdf3mOt9HW9NBs6Sja4fQYhaITypnSMCJIZe6s=","oo/T9+4GrPVFmF4ldqDpKLv3hUrC6EfeFAb2nBKMFXM=","bdpxgyxTVTuOzDqk1CR7OzYVOWQhKRQqsIm4ZE6v9uA=","sp2lvfludrm7By7gPQ2JP/i2sfnG/FBl4CK5ZDCuJ10=","wSx05rXhbQCzh78S496ivCheeFa07A7N3yncOOqIcJ0=","NoaB0VrqibpHLJWCFmLrUbbiIBsXa5PZIr+OL9dAgBc=","1HHEfVYqAK3AjFr7Y+iSlavHZXRhqF71KnO9KPrzNeA=","mXbTamOfnt8y3JZ1CImx8v79na4Xg2t5UG0QXxp82ik=","5F3wdtjlIKr4JZ3mYLHm3WjJatiuTjlZOSW2au+Qe1c=","jbC9KwFjyYj6MkMyoj3jMDjec0rf6JAwypN9HAUuHRU=","NrK5/eDL/V9RL9URsTvjHGrwsaF1avYM0FQh/lLPhsE=","Qa2tNwz0Rqtqq1N50AWR7ishruL6KAQrJEznjV/p+xA=","vQ42z+IRL3Rs6Sp1v0gqVZW5iMAoLlx0ThNykW+7/3E=","/rABjkqaAJ3bUEUdswfKEojfdZ6y9yONnbtNjCZaNL0=","2eQesGwOOGyuMXphA/icGxtmLGKaQDryv7KLMiyzTxs=","184MTI9h9ywbq49EYNifMHG5Up+i9M5rctfRe3rZp00=","DhxXptyDS/NI5/NruakmjIkDl6lcPem0f6fZpcooV4Q=","/zgT2ILkjzXm4H7zGKopybzfD/q/8VzNrC3rf+fooEQ=","6ApfMOVptMpLRf9DoXOaGbPp5htyk2DMqHxpgqaCVEg=","3HO7u5X4qr9lKTHDJD2AhkYoqv87qaxRQL4ZMfe+54U=","oW+QEVcpzJRBwj6iw32VQSFP10pxMQ4jR6DGSC+ClV0=","0xHmEucfcF7tuCbpu4qqzKudwtSjrRv5CUGhiE5PpQg=","A04aflUOf+q+29H8Yms7txeuL+Wz4x3QX22S/oV0ACk=","Y+bMMKgNQHjLl8cEyM4ccXbQkY359/U0m1eoJ+rpAAI=","z7wgLuvHngSTSaNMuauDC9ytblt1mXUJurcOUFLT/Po=","KTAlaNFH265cIdtSYVX7ByZ0YxUfKMd5ibMqDiLSfRk=","i2VRc/VEGszIkWnLHElvBmQYXE7TT6MBsfLHaKqem9I=","rAyqUyto989ErN/sruJilWcWk74qJEPgBQ7fWQcikLY=","8qpSJG+c3X4UUeeHnox7UY9ILd10VB6lgD9mb0h1Wy8="],"block_size":4096,"path":"config/dynamic-theme-fixes.config"},{"block_hashes":["GLn0VUSYpUNEc/Ine4Hg3647pgRQocYT0EvGEEYY90w=","qKxMWteJMOnbjYykwPBoc6ePbny/WnT+Wu1woPTE0fU=","I1wPsUEwvxjP3KYC0ep+JbMKSVv1cAHip0ThhDSqmbI=","hYmZePn6yJraM2o102aKUTUBQ7FEYsk6w8vNCaqxRa8=","5jGiyOf2szWf5mo77kFUGB27wXeQBXC6WwLmjIPkVFk=","y+HVGkoqOIusWamD2qhB/cHVc6S4u8sx5F4ZJQP18l4=","ojoRFCgSn74tGVKw0VjZG9KNlCZs1gsEr9IBzoBDC/o=","VEM5eyhmh0wyYkr9//F/yzJM8ufQxHxI4stzllzsdhg=","SAFQzSWIcRG+qYiM0iWAHNfeTAmVOgj8kr5RuK0rBTw=","ClCAsnwqsEo7RzTH2l8xTRlRZ9VvcATD8mFUM59Uksg=","qyyKr9Vuf2WY/CeYy7EvOIBgs/tOEFV1zQe26zIWyz0="],"block_size":4096,"path":"config/inversion-fixes.config"},{"block_hashes":["D1npqu8eXolWRVyi9+IZIk9RWW4zWXBfKGWnbpiIsa0="],"block_size":4096,"path":"config/static-themes.config"},{"block_hashes":["keRAQgtBR5bMRQhLLlMJGoboRVrnv8fSKto0sG7/DF4="],"block_size":4096,"path":"icons/dr_inactive_19.png"},{"block_hashes":["+ws28RF+6oenIS5whvTlwD/fstONSPxr9Smb2N7UzsY="],"block_size":4096,"path":"icons/dr_inactive_38.png"},{"block_hashes":["7CIgctid9TXpgE4ZONiTncD3FAz2g7InAAc3mg8gq/M=","CskEcIXDiXZRGrtDkCcrwOKK/+n4kTYKSz8nBOqPh5c=","N2LSldh+44v3Vo5lN8+IPH0nD2ykzZghEGoEGb7RJe0="],"block_size":4096,"path":"inject/color-scheme-watcher.js"},{"block_hashes":["LxZ96CnpnU1/I8WWGtnWuoLuRGqiHxelVUIrVbbI3oQ="],"block_size":4096,"path":"inject/fallback.js"},{"block_hashes":["4OQoYTA/UpBM1aqUJcoCDiXKVfJvazS04GkTRMSqV4s=","V8mtE7pIdZxi4/WEq0KZnO1Zdl1cLtxqrNeEmUy43Qo=","sbgKKzFtW3FpTQC7I5XhEIAAqq3a9NHB1szmmdw0CYk=","ufomGMptFnNWKUEs9BbjkAemssVy4ufSeNTlCr2ozGc=","AWeGDlalUP0eFfB8NLpeDlZHc2yWsrlFZbcYvmjWzpk=","RFewCD1Vo2iHFskC6MVEqqIBZD07cxx6S2Yf7FzB9Uo=","gCmigih3SiaW+/zqwJoMPRSlIKORKf8qhIqEme9w2rQ=","W2zVOEFvkbivZ6i6vC2ZtWnnhxiAowbLO8LooslpRQM=","rsCD13BNZ1HWzA7z5V0ji6xyjtg9xUvmwJufY4TJSf4=","zg0KOHjalVKy9KwI+RIM4kVpo6FBfcjHZ4khlDOo7BA=","YjImtMj3FEzwO6rAl58Dc0OwotgcStid6EmXtpo/q2Q=","LVLYB7iOFXHYO29UhqkUejMAW4yuk+LBIkNEpPLGoBQ=","4OPdvVJxK3tD+W3iHZduLc+pVP130zBhlG1lyMT24i8=","3o0GB5aAjHx4h3LHYQmDQU+xe/Q16HDn4iANqOzojTc=","CrCEpGTnpltV+Dpog0PzTZIuKW5Y0M4qtG7e9VfrwrU=","xU1XFNNrTU1fcV0C0lEvOtw/xrgKkILlcOaHXiZEaQA=","hfOM1zjTVuXBTeWr6l6M8KstAMOu9Et8MaC6ZmTdD6Q=","KYcyy0BbtQZxX1TnxaZh0SAjw9yIMAZrO/1O05jJObg=","yYL4naBBOsgoWxXn3IC4catdMedciwBpbaxc/s08tKE=","aPAfh7lG/Xz8JOZuOxBReBSoqlQFLJZG26yxBwuewl4=","RXsZHg1JWRycGKLyxNkT0Y+00NL0zu985Fqg67xR4k0=","QEQJEW0hlsTvtJOPza1O7fX8epQNj2xzVW7MJa0CqfQ=","qBgKoR5otJQz66jGQI0xF1SMYadJX2RedI/u2vzFJec=","7HR0xrD/NVtoexKY2WM0SPVUl+zpqE9JFU9y5Cqw7CA=","SroFW6Ob4oj5OxXzHUZyrbQqqgl3PT+0WwXAfxSTKh0=","Mb1qL+1L9qCuAPLiomtRAYLpCnr99PHcAReLIfsziAQ=","P9I6bY2zl9oI296DurnZuIhYjyDt/renVLgEeTXB/Sg=","+2zSio7NIWSiFEiatX8UTT6eCKO2pxmkqny7ptL1ouE=","XlqUCpoPQy11m189yhYG5EhNFgWnN0TD3M74SnbERNI=","uruczewAVXkToBY+24yUOr0666kKCHaC5fsVxJCKpv0=","56JogYTdVuw6f1cW+VUpNmRfMjElwCPpxVXS7E8sBuw=","Dm53OuB/bTYnFR9wa1HDi8WLNbaYuTVmgVeAzw851KM=","byXbaQC++jXLl7SyjCSn5b0FE5syB0Ewm6fXQhmR+18=","i4oJ85FYuv+YqW2y9qD89iYPKc3ekFPq9Sek6BIQW0M=","MjU45aC79Lbf0IYmzDwm3vt87yQVRBYqlhqDusUb2lc=","ygQbkfPFywCQRJtASerzWwd3278AHhJUBp3k8wntW/M=","UnaLxJGr7qBOxMFt/Bb3W8o54YEGX5AEjRp2ZV+bNQY=","aY6+cSRhvicORLPusSKiUs/UBIt2J7wxUqWjKSPQL5c=","wKxUUbFDiW15n2blkZkkHqYwl33IuKfFyGzhbG9hH7c=","8jcWe+abF7p+wIr/RfsHP3p7f7Jo6HHS1Zx0GjiN6Gg=","1Jpi+AeNcksK01tv0FGzx77PivbQVouaT5SttuQsYcw=","9KJo0U5UOA3a0bTZHYV+LbCRiQ+ohXgrTy6iTImxAWM=","EDPlfawGtCl5Al0NRlEadW4/CZCauJ9ZYEZ9uuUNL/w=","igv5ht/2LI3y8ab5cmdH5jSqBqNa+qjl0XZfAMkBmPg=","AdO46NWmrpVe4sPXwqt4uj8QhUyjvhGuYZiIDn1SERs=","2eU3pjTGvMxAle4dxZo2OXgZ3p4KCViElbyH/T7tX9A=","0FZewZjnLsQESRXoqdADGJtYS4F+5VYISFt55Ml5WJ4=","l0Kg4CW0cq4Zy+xsrcfGOO6FBFuE5LH7iGFoL3VTfJE=","z742Trsw/SvJmhfSavdYGZZ9U5oELxAapMruKTh0MOQ=","oHjvsVMHqgF1djhR3g4ZCS8YiU448UoWbPS7eXjOyjQ=","/mvPcPrDJonLHtlccBLlOen2KhcOSq+mMl0IbHwf6/s=","zSmOJ6LFwVN63rB4WGph3JAltqnoWd73FvHBTFIasng=","iUAXysTacgYZ2Ovya6eynKdjfjwF8xc/4cvClC81HoE=","EhsSa32Y+iEezr6fi5ZJX6YMrrUl/rwEZLKdHoOLJsk=","KVWD4MZ0UB+edmtZa9dMnaH1juBWtlLX21vbThgTSiY=","oDtdAoQXmg1m0f6gTcT+Vnt5drifeh3AHJExkeAVbj8=","FtKEDX7OTc/DP/IPd8cgqVHb/vBlb4S0zNaVc42Ho3M=","qes4GCOsgmYn+/MMV+AszbHs1trxablZWvO3l1WJuoo=","01fLACijIjJjJpFmA8EQcSHEWKHFL9lksNsaEb/gid8=","i8ZilsPUB1TcjtmsI2AdkD4Ty6GX/S2OWctUgrAX350=","gHjGtWy+jBw9DH7dOJiA5VWMjO8LFucKTX8eGMuH8KU=","6tvFmoQs3yH+jj58YbKrEPJ3rI4Ku3/b4IBJhU1NRn8=","rn7y6aLUCmmFwT8JiFU3coD+QC8hPXlhwmx/7w6EBg0=","yYQMSW83FkuC+ikKo7cpIvwyJHHbJZoH5qdpPaMhdrc=","b8VAkUIA23+OwXl//wx4DrP4iAIYGUUSzixQl0hNXgE=","Vd1rB+qkXDeA2FqmCOgK2taFD2tSZZLTbEdtjBZZ8E8=","gygolM0iUUF5O0e9JK4VTpAFF2k27ZEgSDecA1DVxMY=","G/etNAwj2dGXyDIP0eCUx/nHSUslfYjo5WmTq+J1nUI=","V87ZltP6Ihs3N4jDSW6slb54F/1EWsKaHLLL+6aeU74=","SuS2iZ75BbdVg7GefLNMg5+Wgb2S+kgDuWCufr4eCwI=","2G6XbnJ5vZN+AuUGRRM7wagnIhqctZFQOUi9XVYcT6E="],"block_size":4096,"path":"inject/index.js"},{"block_hashes":["5lLAx1ZWHIvjO7deh7QkKqD5oGnFHSxeVr2MiMtRiBg=","/o+eScdZqV0TclgpXwVPulTXP6Po6UjKAOzpL68K+hs=","Uoal7DLleOERiSC3u33N7/EF63D/ucll0dezw6JcQ64=","+b6UtX0OCN0C0I2OJ5H/hvTShuu4r9gkIIKNYvKBiQM=","ir98ftzGhs0A5MzAD4cH2yu2moHCubxqlnUfQYucmng=","6DKesewgbdSeft1SCHr7hiEuvvY00+UDXUfiYVr1uqs="],"block_size":4096,"path":"inject/proxy.js"},{"block_hashes":["09QgTFlF/3rHhBGLqxkpipahkzk7XLRRlYCjR7/jSsg=","1cjIoiHVzwYYF3OIvvxAx5ncn2b77OSOY2ODsnmct3E=","CitBieJaaI8PF9vb0BmeAfewv1Dzsi26+dfusBR9pF4="],"block_size":4096,"path":"ui/assets/fonts/LICENSE.txt"},{"block_hashes":["rLErG054gzc3v23USU8SsKe95evBe0Nhq1ZTanLpv6Q=","gvHNDQ2UkdOkxTaOSfQYdgvRQbbxk4Gw/L65Pq6IO+U=","EvO2nI/tknQ3y+lFZsmCo8Eg1GvVByJLS1f9m0e93aM=","3DMnfNtfuyR5I26Gh0Tt8+jbD2uGdU6pfSCsg1M8Yek=","FE82xouEIizyUEuU5s7Pe0CAdTmlgufm5OAQBq2Cn2k=","Bh/v2JzdEFqKT0N6LxeAjkIyQk0jQhTiVqHomS157fw=","hx5IkrR88quYynJet40tUD3XMAbFM7fM43VNpMAsMyQ=","gShs9soni+PxCu+ekybJbPsbqvLvm47aHMWjbJ8I7q4=","idvTayehYw4CMqCp5iUKByWrsdnt64nEhccscfOydtQ=","GFmF8VCEQ88P1ITQ8I2CCr8lSFzcbLkfngsnp4eewGY=","ILodUxKEo5n2HCkvhrNtDdHnyAbqgCybD+9QvvPXQUg=","Uv8FKDL1VMQEhMxS1Ms9YOxBJ3bfO8fJJpNFbW9jLvc=","OJdslyv/mtcvqKGMt6AXnzI0IKGqqc2PDFvKOKF0qg8=","KBQXCbezrgIUBIvgaBnuGNBt9qpaIO9UqjC/wN2PNZ4=","O9R0JCnj2nc3VYRtnTjcxeM7WAM0N4rNpf1lenbzs1o=","D+bM5evZQeTSEhgtbw5TVf6zr3UyvCXZjh8xuisaovM=","nZIu3TP5YkAldpmmsPqPIBVEybPP0zOCPb62Q2n5aC8=","F2iUrXBclvlmzhzltE/7irpsJCXsJomav851tzdknb8=","JNx/3yn02kLxDVtIF/0CRq0Uwv1tzk16tppsJE4VfU0=","5iXufYUW2mefsHlreFyvvX/Id3xpa/7pTfFiWfEtSSY=","Y9Solry5kiBrthcuNUhSJB5nhGsqYPjDdmj2WBWOef0=","BNC3Rr2GlGC65oDcxa/qjxjimXPdropydyLDstz/SAg=","NrZvgalj8Nt4TQG37TFSgMUeqMzLUTC0Arg3MPtBlx8=","XmCPVJlUCpC3c0BKGtWXq0NU1QbqxvaEgnX4hxSsJKE=","a+rzp8Ksa/aWQt69/DxxWYixGjuHbDaT3Nn6nvdiGuA="],"block_size":4096,"path":"ui/assets/fonts/OpenSans-Light.ttf"},{"block_hashes":["IH7vA4VdbNUeGNu3ey8PyQgZGAh9VSlLyRS+EV0n8tA=","BKIMD1PMK8bY0kNWPUPEn2BgMIwpcxW3EVaFzAA5hC4=","mCE6i6u7MtNmoz0UyJf7BEF63/tVAgcObkgYn5wzpCA=","SLQ+e8kwLmXHTcaMfdRxXsc2dXEatlNM8noP2QnCIH8=","f1/eMW2LVwSK3qxlduiyV6MZtg4Vuw64MxKBwJxRWqM=","q3JRD7gXM+++gPF7DCEa0iZLljNHGe2ssnpMQGMw5VI=","qw3tKCADbbc54VFihKA0bddyOQ84Yq0FfUMFaT3fXSk=","bFQCMLxuWcSTDyL6vJcysc66l1X7HcJMvnq9JNDj63Y=","r8VZPz6nJCyY/vlBGgedCdBR1As+f5oJpIv3wtzVy4M=","jIxBHRskCO5/5u2+11CCXA24B4jtYKw1yOWTJgKLu7k=","z6EEijVwvgnsDx2X48Dzm3NpRTvhA7+wID+eqaEVMqI=","ZznoDNKPdD2HqiaZqFCFOWffIhLsjBMki23ReSl0Nas=","OvW1qTrZvKLWbsK1IJpG3k7hjbqF84Gti5wB14ETDBc=","UPRLf8/JEdaYnq/h6SZAtbMX9UK6wQAO4ImkGS75Yvo=","7FUfqZKbpIsjC26y81ET6rMtpGiPu3MHa3YIhsNb9mo=","791mtRSXBFwvKwCII0az95HK/Iuqy5I2O29IfnYfguU=","v70voW+Oxr1hVXmM83bp+8QVNT6aE1Pk1819bRi20nI=","vHeS4VkThm0ioZrqRF8QpJ+OnZmWzTi9RXsRba6GQNA=","suEuJ/SKsO/gUrb3qQFG1QcbxAz+869yzi/+U/6O3ig=","b/+tY2zhso6/UUCVMoWG/gIqGs6NitOGQlGYlqWApU8=","zPJql0kA4fIAjKCWuQtTYEy2QucHCep5Grd43SzVH/o=","2oEUrSyDTAWTR9k4rs+pO/fklu3JHCrZztppbp5F7+4=","gbI9IoTcadnebNsloTXVDYgH+dMVa8gcxf9+KBzAJXc=","tVffCj21cnD9grCGGAKNapmdzGNnlX9Sq5iJ6yv4Wos="],"block_size":4096,"path":"ui/assets/fonts/OpenSans-Regular.ttf"},{"block_hashes":["bi/fgJiO5ZOxG6qIkUyGYv3h845ye9Ipg2nxurDeIIE=","t7IOLDas5KI91W0ezdtnuU3gwnUrdc0miOAojNigE4A=","K4yjV4uTk11WHT8if1ibx2pD7X7TouXH4Izyhk7tljI=","GOk26zYQOOq0/CaW46kTBDV+KdC7iMRYgJMvtY4avdg=","bdRw9l2/gcM2t0OWS6vIAFBTtQeqaE57rfAPMHYi+5A=","q1uZfhyVTJUf50WTtQ1rfvtUkci1Dc+xTTobfEEeOMU=","RU6gYVSSh52ZRh5iYOueB4BeiWoD+x+43ZH5PqKqtI8=","56I09is4RJVQhI7jVDA9QE2AFRL4agRz50Edi1nnqjY=","i2e7VIHAm+mCrVo2oW3pKbxSwIXWc7gM3paF3n65vy0=","spq4gegP1qeWgUXP1Cn6o/AWhf9F4gCQiaJFSXdiEKU=","4VD6emxBS8bvKd2FIgfBT7uNuahL1rSF+k03gzGhdgI=","7k8WnRREdPA/T8k5WcnYn4RJi6PrkD9lLHtscGtVHKo=","wf7rJuUk7sfQEA8FVuNsQC5xjQ0jnjxJsFFTBgrPpLY=","e1txXI4LJFHRhjuU+5yqdw2nAoFXAvChBKvzUtg59GQ=","Ktc8+8ApNIs4kIs4NqmOfR4deDgAQfSvAcjA0RujSUo=","xpYcTQLbEkeJhpMtvpLZki8uoE6YIRIbqxe91EO36YU=","AlnhBZ+Bs4ehHe61i11kf/IJ965mx3lkU2Van4EEJlM=","NahvRVSMZhYHPj0ubstW1vdhwWqo+TPuhiylfWb8L+k=","jAgN2xOXbvcWFov3Qe32JEYsxR+v+VCxWQFyj/BkFCw=","4TrOZMNDTcutNVVbv+RcZ0tyluY8TUanR+nq6001UTI=","wrw+5UgdXOp8SYcgjq/UE4UrILIoyQ5WNV4JR9KrsIY=","c9EgBQpIW/ScwVbMayEBzBpDw1CPDnlkaAYBPO0XyNs=","a4fItlQmQwGKoka9T4gKtyx2xQGxq79V6vsHdgKZy04=","q4SNhAYYLXwz85+ZUfUy212Iiw86tP7Z+m9587TSAXo=","lEkAJBT+KArLnXQP8cLgtZoJZtHyDHmD78Y93Zxgcu8="],"block_size":4096,"path":"ui/assets/fonts/OpenSans-SemiBold.ttf"},{"block_hashes":["q4mopO+bEM53WR00sNQOR2JHi6qnEvHBq/WJ0/Q8Vns=","D0Pj0jvKMptgnFRKptsW85AXwMQHJQ5yfrAW1O/sa/4="],"block_size":4096,"path":"ui/assets/images/birthday-icon.svg"},{"block_hashes":["BCBYJeLtZjOLQ028rYG+9yYroNgsCdf4qcmWk38saCk=","Ctu0iuTUyc+oj9GobxMIvPN5Bzexlf3nH/uZKdf6wMM=","OHjNoxYeA2/0uL88VEW433z6TmmKm5eKQNGVv3P067g=","DTWloINDvoq/MVOZxL61G5xra+wQI0wLieLlb4jPcz8=","I5pjHUgPpoTR2EeSyvhjHHZ+UwfYHSx5WDWBzLU9luM="],"block_size":4096,"path":"ui/assets/images/darkreader-icon-256x256.png"},{"block_hashes":["CcC4KQRF3TsZy7ajCRRkld1r9m4VPfU4ivsBQBWhmD8="],"block_size":4096,"path":"ui/assets/images/darkreader-type.svg"},{"block_hashes":["yz+x+VwGDFhEOalOBxfgokgZakoBsMhr5MdCcgbn3IU=","8tjJX3FEvBsUCZsbI150RVpwvLXxEqHgjJ+8KgSuwQ0=","ocPoZDpGj0YGSDvnxiqtTE2tq42CrA/Tswp39v4xKaw="],"block_size":4096,"path":"ui/assets/images/mobile-icon-40x64.svg"},{"block_hashes":["9ag0mEvPno3SKv+pzzbyXj2qtIa5SuxivfXgsKzUrRQ=","K/pkJ0QBbbU/ikzFz92uU5QjoGOwnwmQn6jT7l1CKJE=","iA7auHMiGO/riOEhFdnhugmRHPe4xjKcVoMkh1OCSXE="],"block_size":4096,"path":"ui/assets/images/mode-dark-32.svg"},{"block_hashes":["jBJ1eanUe27Jqw9XaeNW3ai0tVmfoTv6yzyOPQrhfzM=","DeYNgTYWBZY9yOHwDpaT32aLPSkP+Id6HAzHKdFVwN0=","IGnVLLkczOho3Qw0bR6ossMTNYHUvwd8e4j6XZB46Us="],"block_size":4096,"path":"ui/assets/images/mode-light-32.svg"},{"block_hashes":["efDyLQZsDkYvXGvj59PmkAZH6Q809RYlUu3O3cmspQo="],"block_size":4096,"path":"ui/devtools/index.html"},{"block_hashes":["aWAVBfI5g9QFc68lysj2zUu7h7AAhKxx0f9gx7oSCs8=","XF2do5YowbEgUHz/dlR5YoggJCBeFjInyCI0zhrYDcU=","Np2uL/z8/SrX3pxuULH0Q798dxTVUNXSLTaZ9Q3EIZc=","y5x3EJkupejlqFad5qdpTvxTMMIppbPf/djPCC1Tsyc=","F/VeC5XXqovPCOJ5sgH4EVL6jOWqo2fCsKg3kQYxEy4=","HY+/XagHPGG6yeBT7OwrE5iFLxGKYLTvt1NqovrnQ9g=","7zYZtgHYe30ZzXRZtiS6SGNwPkx99GSLvrTX0AE7S5E=","9LZB1VBOB7368ZfzQISvTxAZfCoxNqxFppHRHZlf30M=","vP+iJArqCDVmBgBz5YsA2DSid3k6jU0bWQaXe+6iSQM=","PXTUk4ErMBC2K5HWrp2H2SWHp29FjIMNULmZNza1Tvc=","4fRLPEUvT6ND5x9KriMRREGyYdj94yFCJFV5CVlEdxQ=","1Y3mtlHjD/XOFE7xtqhuXq/O8gptwZAuPMBej5CwAlc=","9FZ4PYXNyAu+rjYxpi2jS27FWQb3PSdT5WG0sv56bXE=","9Ajy/KIEyRv8B2IaOG/kNQ7zDh2kxwTXMEiM0PqBts4=","exfuYFn9R0dYyW8QGRvQOEmzx1RO0r6E36kXcX81440=","KQcrWO3iMzbWGNGJftA2uw0EUiWF90IfNRG94MUhNh4=","1T0gk+u9auST+Y9DWrrgldd4xrXPup012Px3a33lnvg=","GHSzcvnqIZuR5JN5IQ5D+H53Ntf5L+S3cZMl7IIEGYk=","5Uczk9TAnpj6+jrM66OwvPGKCmjoN4e+0BfRg96M03E=","lKHlTrZ1JBPJMIF+hQY/7qqT610Cxg1hFPz7RfFL78Q=","4ofCjxkPbgbazV5lpAhj6eEyh8hnuSIIg1uFuVJ4cRE=","gqtWQjSbo47VrCc6bsHDTx5OBxl2441nnYFa1WcbgTY=","rKEdk7EsDdKXyNwD2v1bWoiDtJxuTKgbvz1zxYfKOak=","zf00GOAM8A1jqOVtO3YXzIYG1B2YQMG/8hPbB25hJik=","8++LAgxopj4YgMUzZEiqb3gYs49NEXSn3BqKSE2hF0k=","nHybMtjGz4Vd7CnKA+u2wfqdC7q62JxglCNFPRUYkFs=","SQr25i3B/ANtBiCQwZKriqKF2s5lVpCtUMTf/Q12jOU=","bApSRuv5yNiArhQgHCH2ztUB2gH7oNeRdJAMzXZNbaI=","RTEicslXtK9lDG47s1+Tes5fzsxhTGp4xpfCuQfa6Y0=","wp+85agRYkPqDsht238NyJLZPM5/COmxXe/BSCQSTWA=","PaPkvnaw1iPpgmyy+5v2Ripaavl4Hbp7lzWpk3AcHhs=","0AnYQMweP4pCQDY4Ew3g40KyNDoRldobAAp/L/iThf4="],"block_size":4096,"path":"ui/devtools/index.js"},{"block_hashes":["Pc9I8ZDF3cTfBsYeMx3/GVaJt7a7OQR0UZPZzgZueYA=","uPNBUiup46g6ndXQRtaLFjHBCvDs8+YiN8l6RO505MY=","/OoJWVKNxisL/XR3DFHmZMDNOeLVbNzgV3CSPqi14I8=","kDFnXtzQbmnG24omGoiSMrL2I9IgVivSc/76i68KO30=","ly9djSwaQT3zDX/3Em1FFOHnN+4uHjoJGenkmn2Nzmw=","DBX0qAdXdy9eeQ5825srb57/skVKV9VVt+8wCZqIdcU=","EytyVO+fiq3m2qh2HhT3E0s8xjC5r39wya1E718RUb0=","Y4T6OK6712t5YZTUPywM4gOSJGC0buKLAvAWIKHmho4="],"block_size":4096,"path":"ui/devtools/style.css"},{"block_hashes":["5NyPXVqabneywo8xy2VkzQ/Kv+MvLhj3IxwHLJ2Yhns="],"block_size":4096,"path":"ui/options/index.html"},{"block_hashes":["aWAVBfI5g9QFc68lysj2zUu7h7AAhKxx0f9gx7oSCs8=","XF2do5YowbEgUHz/dlR5YoggJCBeFjInyCI0zhrYDcU=","Np2uL/z8/SrX3pxuULH0Q798dxTVUNXSLTaZ9Q3EIZc=","y5x3EJkupejlqFad5qdpTvxTMMIppbPf/djPCC1Tsyc=","F/VeC5XXqovPCOJ5sgH4EVL6jOWqo2fCsKg3kQYxEy4=","HY+/XagHPGG6yeBT7OwrE5iFLxGKYLTvt1NqovrnQ9g=","7zYZtgHYe30ZzXRZtiS6SGNwPkx99GSLvrTX0AE7S5E=","9LZB1VBOB7368ZfzQISvTxAZfCoxNqxFppHRHZlf30M=","vP+iJArqCDVmBgBz5YsA2DSid3k6jU0bWQaXe+6iSQM=","2NwKmdJZwrTjQ1KZU44ImlhvCzS9zqY64vfgtdQY0Ec=","FOaFYCp00vLFMtY3Kp0EPWRL7Hy6FnH6BA5U2qR5R4E=","TWw/hxR6pCetuLSHSFmgO9C+Xbckk2DIUNvV07TN8L4=","fz8U7y++LPNbTOHZmjKwTbTLMMs6yyC8tu5GmqwFcNk=","eYLEye1B5D3X8PaglNFUz8KRwqTdn0BSSLYchlUrbAM=","xet3PqRrasOaBLWuI/op02gtaroEjBRkX3aAEoSq5I4=","exOStEJedSkmiLc/RrUgFTtDdb00PU0hdBvGZoA4+9Q=","uWG+ELntzvPRgLVE+u2IVpm2673QmXKaKjpznHtuqAA=","VaWgkIhYNnMcUUp+UnHX81e8faq8RnSqkD2YDvP+OjY=","sZ2TIgI2bZfGmiEKTSg51ScywkDi3Y6UsvsOKidbDAc=","iZLIkJZaf4CkelWCg+lyoqqRpD3OhqC1B+3125N/x34=","FF5RzfE905N+eund/8/fanJBPi1Flkwz9c93GMxE/v0=","G8NMFgJ78CGB9OWVpyXQALpvroh2WAo8qa4C68jxnyg=","YIAhaW/Ad9LQ7W5DtVNTksAu1DKo+ppHAgxAaRWbCm8=","iabvxuKyepINhlucxceQF3fiCPDE69m0UTvoUtX/jAs=","0BFvgUYzXkVahjZz97bEHX/6HAxt06HlUPzYWMp3/M0=","fFKAMN9ANUdladuHNOUClcqn7hyjktVNYOvSI1mdHIY=","vXKrbMX5NEgySsR/inooZ/DRfXFAB0Geu7q2XXlKNOE=","V0AlqKoR9nzFKk40FvP4NgTRisKOmcaPdLIPNpRENQg=","+OKxOXpjt7cupU3W119SkYtuVaFkOEA89veWuPuoHNo=","fK86BpbCYz8oyS7GWCgKR1dyqir3t6mGyNyQ+CyLcro=","cVlixBnKW/K6DB3A0e/EqD+cJEvp6n8QlIFipYl4b4g=","TR02SUqzdB7Pm041bGbZMl4uAosHwO99HIod44je1tU=","sCQpoF0CTLf+Uyk8Qi0UMy4iFLvJjzM0jF47V+V8RFw=","uhhOPIzGZ3KjhjD51gnX9bWqS88eUzODDERURGsiuAc=","quMyPYop7Pk9RRNirQx6hvojWLPXyiCyL7l+6LVv7rI=","TUe8q3orGBMRyznK7P84TNfIjXBASG7ivrdamP5AmAA=","P/4tMTjGo8lSB8ivkPccFDHvKlRfhUbmpXKkWQlsSP8=","wQmKbvwgzJ6cqEAujwykdrx4KV5sTTsiBjDvCPeWMpY=","4V96XK2moY7VIgP97SoC7OUd9MauwAooGZsUCq4+YCQ=","l9iOOF0Qlr6UNsnvQTw13FRY6SN2dil+IuMyGpot2pY=","sMnGaA2r/L1zMAd/yhMGWbugtANGsrvWZxBHk0kc2QU=","QvSTYBjYzXgZf6erPk7QJNIDSqfbR+iO/rE9joVh1BQ="],"block_size":4096,"path":"ui/options/index.js"},{"block_hashes":["Pc9I8ZDF3cTfBsYeMx3/GVaJt7a7OQR0UZPZzgZueYA=","uPNBUiup46g6ndXQRtaLFjHBCvDs8+YiN8l6RO505MY=","/OoJWVKNxisL/XR3DFHmZMDNOeLVbNzgV3CSPqi14I8=","kDFnXtzQbmnG24omGoiSMrL2I9IgVivSc/76i68KO30=","ly9djSwaQT3zDX/3Em1FFOHnN+4uHjoJGenkmn2Nzmw=","DBX0qAdXdy9eeQ5825srb57/skVKV9VVt+8wCZqIdcU=","0xSGuShBmYVuWV66fAYEMWZS2w6sSzXqT7taPuHONpQ=","DXBsQ8mkV8r/S20K3gDZ+6aIg7SMcjbQBf4tgekwZRE="],"block_size":4096,"path":"ui/options/style.css"},{"block_hashes":["rphj9ZT4+gGCTcWAh3NPlOOKbceRd+TidLRRzINTajs="],"block_size":4096,"path":"ui/popup/index.html"},{"block_hashes":["sU7zxksVphFDSOpNZmIngvmRZOnzc81FZ4vFQmX/pxg=","HOI/mZY+OLH+quNSrUb3Z4msrUiWaNDLwVl6T1M27aQ=","YMDvq1jOHEKK3upL0BII/kEC8f4pemRSlKnFqeRtlBw=","PTFIDfZCuVlOToZTkSc/HFkcoh9RkR6bL0O0ynaR8q8=","UKQ7PjJrZPWWyIwPEoCklaukTYspdQIUe9gnlpDIEh0=","y1F2ErdO/JkJQW/5KsWe8LtEAOxLMYYDV8Le5RFIIKs=","QHGcDFawlVdn5x8FtiVsbONFwnxoAWp7OX1g3ACpUFc=","iH2y2b2kamKmbkzj7Ky5O28oDbukGfSh6MFSz18peNc=","91QgFlT9km4LCgnWrfLcBXpoISAEwcLSQz+YlvzUOuc=","pgbM9FF9JL0w9ojh1hVytAW45/jIso9sjWsbv2IIoO0=","rbiFWBDmYbDWb78CaJMNSGTC80aG0S8D5jjdxe4l5k0=","LNaKVb4EXjeTmPVCxl/vcP+qALbGEe5NxcSlkFjPs9w=","0usa20sxmGbUHg2hoVp7FWd9jj89P6hwdQ+fjUYnFe4=","1KvrDHF3A8ql77p7jgTtqYPzHKp5jALSWY+PFP1Et6w=","e1gtwnqKuY2w6UvpOiKslh52/xyPsbCVS2VXdFT5MMA=","r7Jmy+T+I3mAVQ7VfqRcO1rTrd7Aj7UYNMQVSZ5HW10=","uhZPf96Inb44SX3U8BbBjEWey27oYr6zpvLgFHuKEiQ=","9mibs+PtCWRFDdWF+V5obmVK7LFfaVKbHPjZCFf/o5A=","x6uQzqeoyhpF4WgPMx7TH4orwkfmhI44I2uTRYSphpU=","pFV15iupLOAAKqvcyk/Xr3ijLXp2N/lAOiCJjLMtELs=","VwicaOVQLsnq4oOV/IRzYeLxHmCMUvJe1mAedPbQc8c=","haRNDMX+3yiz1WoSpuuu4sypEfF1cBXodG1/Qktv5CI=","ETvwDIdrLC7zk81B0wSrB8Yn2fJf18ZcnFY9EoGkwYI=","ypua3d8N0l63rhPYHv23y0GfzL9NLt+oTyEOx/bKpXE=","aaCdbFCX77kbwtNzDSMLZ1gzUlQHmaSkR3hW6Xf4XRE=","fARCOGUeYGchuYyzaYHghftGVOumjDt6wSydqmgSgEM=","fhkUqE7Aj/RE8yuz4ke5587/aWSQM70D/ERRUWyUQQk=","uCWJ+lfSc0elozXXmSoByadMlKcxfxXpvLrSxqnnWy0=","ICFXWDe4G0YY743oFkO/gZDEu/9keEFPuJRGpmax5/Y=","t+ZEbfJZHcoHFu8BUDMxetqdTfRnc4x8K42s2wwXIFM=","IjCInetW58yILADCXySSRuwHEVQ1yuB94Jfe6m1zn+E=","QRY+CDRFeauxSD0IG48S2KciACToEloWEcuHgeJhaRY=","gsLedoiW1VwMrwuGltv+C2VHpeDSaFwFDfu2c76sGgU=","P7Cd7HX4ZJ1LQkXoW/gjfwYBXi6V6vuxdzIp2GHvC5M=","4/G4QZB9iyxRToBUaHlUnr0iEyWzDUGF7rsY38wUXKs=","SNEm1qy4Ix8Vn3z1AmOdO4gqtNcppbZ4JYDiWaBpKvo=","9Rq5qB6NNpiQo1lSuxh3PSdBaUY4Kkb81zX0CujtsDg=","6/nzEE7ftr9GPMH3snk5S97YHMnXlcfq84Sb41aEoy8=","ioTEJs0P6AJ1gMKeTAj8tRHiG2csMcg6Sr2igz621FY=","dBT5njgIc+nOfaBpdVAf/aBB+W1aOsKWFBmaZaSgkhc=","00jB4APxoVnN+2bRsYB71tx8iXcmkKRkPOe6cYG3t7Q=","ptrn2HEQeqSnBi2f8SMWs/x/JHeb5XwUaJcm1gjgr/M=","wNz0GJspGlcyweour55NuOcFSCPB4RXl1+cmHc0vL04=","D2sanYzSK3GfULiorgTRC+qMbu5RdZ3zVvuuG1x+hYA=","/WsUCELoq2q7jP6KfnGEZgEjgTWKuJ3ao01osG0RsiU=","tTZeULcDCqrVb43xCQSne0Occq1EYI3BXvQ08lqYtbE=","TtffQOcuUUBH0aBMpYHAI/ir7AfZwEd+YBqH8dB7vsI=","UazBT42PguC2J6arAJHo4nJ3cCyQsKc9IkB8rztlBvU=","pF9mtav1wtEt5vhAou1eiBaf6Uup/9nV5GiiAt3rI7A=","Rsypf1JiP0WEMdSLkqTkKvZ1XT4gfd1oplSwU7+SX+c=","ia34H3qFVLfiMtZhPN5/nPFw1UEKKZvuOz05LX/DYLY=","kzxUvteLQwrzFoRIFZfO4AG8A9rlHyAKJuPm222FBmc=","+044ZRR4hKHwKEVlYgTPoNzr0+KIEYuyg9IOSejdsXc=","xOCpOmHM9tbj5g31LBHQ2DDtUPb2lCFFwOyWMvRJx7w=","jGOY8zwoj8iQGfCjrNEh5fKcxVZXYsvS//dcmEYR8Wk=","PKhldwybUnnESTbAMV0Q8ATQW4ILcKVyrJvCzGc+4pE=","dxW/oPsJFBQLK3+EgDhvSdvKwceZd9xmK9pNmiB6kEw=","GQ0kyxdgV5HaeQ9OXRC3HtZBcnE9Jm84QKdfwXyQ3Fg=","8Z9wIK0CdTrv5qk0IlP0qNjgCmumWcclDDuCR+wIJgI=","YN/+wUYQ/MhJ+Ig3q+1qMzB3KMxT+vPeiWERX/jPdeI=","kRr1BQu5jpXX9zb3Ms0nQ68W2/Ifhw3KJ44FcFZfYWI=","8Us7Wwccl0CknGR51+Z6pTP4cbv00t+vNghYp4k4/e4=","Z9E8TIzaevlYMV9DwBh37iTt9/zD7eRhVw2Rm/fSUkY=","COy/75FQt3y2lRVwIfuP3vTgrXdAmbv/bUeo6I2aOck=","9GaqD9CNwwTQ4LjsAC7CXdlsDOgIvDASGZxZSmtJoGk="],"block_size":4096,"path":"ui/popup/index.js"},{"block_hashes":["Pc9I8ZDF3cTfBsYeMx3/GVaJt7a7OQR0UZPZzgZueYA=","uPNBUiup46g6ndXQRtaLFjHBCvDs8+YiN8l6RO505MY=","/OoJWVKNxisL/XR3DFHmZMDNOeLVbNzgV3CSPqi14I8=","kDFnXtzQbmnG24omGoiSMrL2I9IgVivSc/76i68KO30=","ly9djSwaQT3zDX/3Em1FFOHnN+4uHjoJGenkmn2Nzmw=","iOfsD4yReeiqN/wwKuYfBeZu4SmIjTJDdSW3oGxzIsQ=","17GRgtSLSar9jQ68y1hJfQoi/Z9MBld6FpK8t7C00wA=","Ygs0e8PWJVPJ8A+zE0+K97Ao9lw7rosLA4lYz1DgcKc=","QcLxqPJAXfueiu/snaV9bAnDfJ9QXmZCeyZXZMoFKf0=","SFKGhdHYZx1qNXoQKvydqkCDyNZTjlgQHCffUMBNfDA=","ahLW65lINCs8USmdnwZ1qKAcDkoj9IQvLUV24o0Z2Ao=","uO8Iqmvdlsv8/C4AvdPN4bQsnbPFWEktY06T16JO/AI=","LnZPanlodNZ+XzNSJAEax3wtlW7JexWz0hvkEfrAsY4=","eHf0g8GS5WSNtAurdP3MC96Tf1Zp8k9ObIrZyFkHHGI=","RlQrCwNTpcxwcD0Z35d2wn/tHzIvVCQxZ5O1q/xbNNI=","jsEa7KJIezt79nVUu/yvZuy0ZLqbz3ALJgphdiTwBi0=","RSmqfLc23X/NKjqOgU8x2C2BXaf6NaxOIzQ75OHxRD4=","mmWGd3BPUiZbSvlT1Mln/ExodnJ53m7WdAlWNBBBtqs="],"block_size":4096,"path":"ui/popup/style.css"},{"block_hashes":["/5r+XUS2LraskoCLQbBUfjqw8VLCsh9My59hIRNIbC4="],"block_size":4096,"path":"ui/stylesheet-editor/index.html"},{"block_hashes":["aWAVBfI5g9QFc68lysj2zUu7h7AAhKxx0f9gx7oSCs8=","XF2do5YowbEgUHz/dlR5YoggJCBeFjInyCI0zhrYDcU=","Np2uL/z8/SrX3pxuULH0Q798dxTVUNXSLTaZ9Q3EIZc=","y5x3EJkupejlqFad5qdpTvxTMMIppbPf/djPCC1Tsyc=","F/VeC5XXqovPCOJ5sgH4EVL6jOWqo2fCsKg3kQYxEy4=","HY+/XagHPGG6yeBT7OwrE5iFLxGKYLTvt1NqovrnQ9g=","7zYZtgHYe30ZzXRZtiS6SGNwPkx99GSLvrTX0AE7S5E=","9LZB1VBOB7368ZfzQISvTxAZfCoxNqxFppHRHZlf30M=","vP+iJArqCDVmBgBz5YsA2DSid3k6jU0bWQaXe+6iSQM=","PXTUk4ErMBC2K5HWrp2H2SWHp29FjIMNULmZNza1Tvc=","K6s5HtGxmZ6Ok+OaXcsUX/OTBF1FIdCraKOQWIiUHLs=","EEOffFaSdobKuab+PuCvMwPmAByBlOClXjOfcYhiHeg=","MSz8ae1NmVELT62gBxOnFvOmpKoryV4oWxNczetSI5k=","/oDto2Sswo/HyCK+ZV7Vh6VgRS9aJ0VKgX6Q41eTcI0=","QL5Tf/cqao3LRv8FAPAuoF4S+fjt+mqTXJ+KCOG9ShA=","LRQInRr0IlSzZX6XapN5ux7R3be3vNSZq2edpNF1VDQ=","Z8p+69hSbczYecUA0tLnZupf5mKQB+cRzO7aVsbxk60=","8mWbaXF2wXE2/+M0fHLeWjKqXUfLhOgNWPjrPErqHHw=","4YGXNoJ3ARKPfzX1IGhW1B3daQCcrgY1ZreJvMDJQE4=","VSrHD3JqMv08jCdGmxzIS1n9QhowrDhXzlCqT287/Tc=","mjOju5WxvSXVCmfKYhBCimMCEQ3WBUwCF6UJXKTz/lM=","zBdBLM5sN6WpU5et4c7fnpLayCWL4gx+7/CLJxz2dP4=","7J1JiJTpt/VvCi7OaY661tBaS1B58UDng3Ht+7+/1E4=","eRXl+ZDJcARWP2t6LxeyHxz/OtgGYPVpt8GR8utKa9Q=","+0vvh/YrG/RI1YH+oJOMJoNxC2RQtim6qY1QGE4Pl58="],"block_size":4096,"path":"ui/stylesheet-editor/index.js"},{"block_hashes":["Pc9I8ZDF3cTfBsYeMx3/GVaJt7a7OQR0UZPZzgZueYA=","uPNBUiup46g6ndXQRtaLFjHBCvDs8+YiN8l6RO505MY=","/OoJWVKNxisL/XR3DFHmZMDNOeLVbNzgV3CSPqi14I8=","kDFnXtzQbmnG24omGoiSMrL2I9IgVivSc/76i68KO30=","ly9djSwaQT3zDX/3Em1FFOHnN+4uHjoJGenkmn2Nzmw=","DBX0qAdXdy9eeQ5825srb57/skVKV9VVt+8wCZqIdcU=","EytyVO+fiq3m2qh2HhT3E0s8xjC5r39wya1E718RUb0=","Y4T6OK6712t5YZTUPywM4gOSJGC0buKLAvAWIKHmho4="],"block_size":4096,"path":"ui/stylesheet-editor/style.css"}],"version":2}