{"file_hashes":[{"block_hashes":["G6yDn8ynjI5cE0XVdV+JLLhqcWE8KP9G3jUh/uLtKyc=","+1MRiRxIFrz7Fljk4OFZJdiUU7WAUTWwr6J9ODq40K8="],"block_size":4096,"path":"content/browser/chrome/FBrowserChrome.js"},{"block_hashes":["kKDjN0Xlmo8yIgMmEXTj9Ozo5s6LR9us8j2xEfSU5Bc=","y92iWGe4vc2ncdz2pSEoa71J9xbT9K4dnEvp00O9QY0=","Sj8eE/t1XOcGJ9xAETYcR7ftrC64pwiI6XaRocAUvtU="],"block_size":4096,"path":"content/browser/chrome/FBrowserInjectChrome.js"},{"block_hashes":["JjseDvcu5w8pcvo6zHvBVQFPYmvxHhfnh8SAD8BZXaA="],"block_size":4096,"path":"content/browser/chrome/FBrowserPopupChrome.js"},{"block_hashes":["ME6B247Lwu3gMH1z5kuTY0s6CZVepTqKAhaNyX5AXSg="],"block_size":4096,"path":"content/browser/js/FBrowser.js"},{"block_hashes":["j34SpoRqqKwuU5Qus68FYSNUzvWXKA0tdhHIbQEhMpQ="],"block_size":4096,"path":"content/browser/js/FBrowserInject.js"},{"block_hashes":["9z7TKm9BbOkqmuuVyPkYu8vgkuYzKIlXWWJTxbn9V20="],"block_size":4096,"path":"content/browser/js/FBrowserPopup.js"},{"block_hashes":["kMcOAVH/RArcDjwHATvG8lCMrvuZdB7tA3OReWDtLuQ=","CC7YBzMYlKujegHuGaFQgUKF/Q66Pb1RXV1kPZ4dfA8=","J7Xsi1kedfTBh6XIgO5HvUm7vSOSNHYdj4PpTdK/dEM=","AcCwvirzeIqcyVHcUN3qAAOcSgBPUDhZoPKD8TGKTNE=","xekdS/s7+cRP44+FN5yoqC8K8JbzPHT3dtIPq/+jrs4="],"block_size":4096,"path":"content/css/inject.css"},{"block_hashes":["0VAyvOVtrPBJE/XkbAxMBnzUXzQ/Mln3C2+tIJD1iIY=","JbFhZ75wVaVm4XMWBxnh97v+dK0ODo1oZU3Ki17HwN0=","U8gwoshNkZYM/56iVS+vAn4c2SjaYvk6pVIZcGoy178=","//mrB2XHqIJLoAYUiILrWebksZH87RdvZweIGLCvjt4=","0LNZF+Z6YCQK30j+FalBJ5le4AIYD6WDvK62qhkdmDw="],"block_size":4096,"path":"content/css/options.css"},{"block_hashes":["9cY3EOT8zXlv2S60z2d5tiHHjU8NuFUj0KB4whQ23dk=","7fMtoereYBB3163MPkWxnAVi7oIwtYo8jPRqxE47M+c=","engLIJoRJ1GeiP6kV7BOogaQEOLpDOQq9UxCNb1YVyQ=","mFaiLqffuRL5VcQTLo5NNUr4ISIswLjADFSSpIGGrqE="],"block_size":4096,"path":"content/css/TB-translator.css"},{"block_hashes":["iRnNVwdlqrPPQ/Nb7lrntQ/jKP66A3uXpm9U+pADXDI=","uSA1cOsdHVJOIvJrfIvknjSyKWB+iZeJh/pRLeHZp3c=","S1Q+i2GSKUziTZVYM/76EWEmIVGtB+qVSPBxpGNyXiM=","vykn5Ufd2rGCSa6HagnEeISdBmXBc9rxNW3tBZydj1c="],"block_size":4096,"path":"content/css/translator.css"},{"block_hashes":["7aYVwtlLpeq6HeRpvXVVkAdLoTnDsFp53cBsCEyRbrY="],"block_size":4096,"path":"content/css/upload.css"},{"block_hashes":["2hhIR49AJDG+3OHRbAYTA6FII/M0GtEl/Ygtz+Fls48="],"block_size":4096,"path":"content/css/util.css"},{"block_hashes":["Qpcu1nLisg18sTDHgxp5Ci+pH9AI4zIjEBZHX6jZXh0=","lM1YBWlYq9NVyWElIiq79smQDdBP9ULfLz8m39I10W0="],"block_size":4096,"path":"content/html/options/autohotkeys.html"},{"block_hashes":["zjHYstRNUYs6svaiDFYJOjKTscLpvbQvcU07GoLPUnA=","eRZGA+JcdPjusHxQoDLxizJIHPpk77al3jeQBC+7JpA="],"block_size":4096,"path":"content/html/options/feedback.html"},{"block_hashes":["rwnm9fAknn6p7ici780xd80bUzqJM33XCCq1ycjthUQ=","N+DC9TyxlbjLlYpb5ro7TI1d4FzmkeagdzzGulAApgc="],"block_size":4096,"path":"content/html/options/history.html"},{"block_hashes":["HL49yMjp2J+A7XiBQH+OktAaku+vQWQqvlmoxCS6Dqo="],"block_size":4096,"path":"content/html/options/languages.html"},{"block_hashes":["o8kK+Yd3hLmA3ND/VDkZRl3+zfL4OW7EsXOqppeY8k4="],"block_size":4096,"path":"content/html/options/menu.html"},{"block_hashes":["NPJeoGPOqmRMdJtNX9xoQzbUBONbhJoegnpXwGP5W7A=","jN6XD5NYMbcOnT0DJWlh5RTs2kfv7bxnK/ViQd43fFk="],"block_size":4096,"path":"content/html/options/options-about.html"},{"block_hashes":["Yuz0QsOlKQ73j1z/ij40Yg9OORbWoXJ7apRSb4A9fhY=","UQYQAB+X5VCUumKN6e/V0/0b2qPYiMGhyyweiM+YOqY=","2DACOZxxX85j0tfafnocSYieE8mNRKkzMYOltaRfCeM="],"block_size":4096,"path":"content/html/options/options-advanced.html"},{"block_hashes":["/ilGmFVQnzuRJL5Ri1ADFQWcH1/iApdUo38auv4RyH8=","YwmW+h4ifpvyHE+RzYb8DRJlskk7t1+0okNOjoII79k=","j1JYgCfGwasKWdpehIdZ2M/YFk/NX3Gv19WEgwzfk4k="],"block_size":4096,"path":"content/html/options/options-bbl.html"},{"block_hashes":["UxtNhQsGa68wTUpHRjveFY3gZXNTeaubP9YRLDFU2PQ=","YSJxa/7Gl5HOpAU4fHvdUc8HjMqoOZZUe2CxMwIaHeI=","gblVhENWBTQlRGgy/Rl4ai7sJmLDvMCjHBEWTJDOBBA="],"block_size":4096,"path":"content/html/options/options-gt.html"},{"block_hashes":["Cg77e9y+KgM5XGXhWWD7qT15HrKs+FWAU7pDA3/sz+0=","Wy0MU8bovnar2qfmEurAW42n6vWj7S3c5MN3m/bRRpo=","hT2fk7Wkyz+ymnP31RwT1zADOjlWmlsoqdLkX5iij0E="],"block_size":4096,"path":"content/html/options/options-it.html"},{"block_hashes":["Fr/jIMnEQxEv9FkaFq/SY91DbMaPPIuky7Xfd9JyfBk=","QV5eFZSkj9AFNgMY8+wz0kJNrC0j2do4E3eGunAlhGM="],"block_size":4096,"path":"content/html/options/options-languages.html"},{"block_hashes":["ZhYkspO2cwle3JTApAtuzqphlnw9JJ04xRH1OEFnEmA="],"block_size":4096,"path":"content/html/options/options-router.html"},{"block_hashes":["ApFT6/tLuzjXlE7rkSLg67LDRlDWN+/tjSI5uJ05Jjc=","LRgfaQloJL4t60xOe1SaAUbOQ5FN5U0SlI7ASz0WGSw=","Wh9nAOuisPtFTfFnQTMFxJTehsFXeE5IMeZimkwT+Ic="],"block_size":4096,"path":"content/html/options/options-shortcuts.html"},{"block_hashes":["5B5ZXXxJ5HyodMYyXUKtgih3T34AM5pRx3iEZxnIvrw=","bdexUSxOk/SfxkbNZzIffLM4R5Rh01jXKQh+s2sSWrc=","zS7JUiJ6SBz2YN5mOTfmbJHefVWUKAO+Mfj2VT+cqWc="],"block_size":4096,"path":"content/html/options/options-wpt.html"},{"block_hashes":["5aHgiQitEOHSPIej8vClw0tjulPFE7XJkn0y5mHHcjY="],"block_size":4096,"path":"content/html/options/options.html"},{"block_hashes":["WN/AZK0YuhsnUPKOhoJr9e9MOo9RD2+pw+FgMqXihRI=","Qi4M5QfhZbRq7LLGl5bSKY3exghEd6ABp1/XYxlO9YM="],"block_size":4096,"path":"content/html/popup/dictionary.html"},{"block_hashes":["bq0Jnz/WrnPQTgABwM7ejjk8ECqInONmAxJZGkped+Y="],"block_size":4096,"path":"content/html/popup/router.html"},{"block_hashes":["vRI0DZsx1ITAAlRXkgZHdOkfjFVcVe1OHK3M2uIQpzg=","569XyAJ/0CoEZ5FVfZQ5GmnJmpcvI+O9tF1zpKq19zE="],"block_size":4096,"path":"content/html/popup/TB-dictionary.html"},{"block_hashes":["Mb4Im+8CYJtqdnPWKBA3Qr9DRaXVJhXJ61JWJETdjc8=","13AoXhTE/Zyi3M4jH9NBeXhnFdfH9zo32k8fsbfE9Js=","ZB7uABSDqcBq8EbYe0T79jBHBRMFlSilodY58XMdvAw="],"block_size":4096,"path":"content/html/popup/TB-translation-back.html"},{"block_hashes":["2gExXKTJUqNCqqsB46f8Sy3oSvnRK/utou4vPZ4xvyA=","1ksNT8090B7vuo56vlkHkFXxqAQt1pkgngeHZ6ZQl1g="],"block_size":4096,"path":"content/html/popup/TB-translator.html"},{"block_hashes":["FxDpdjFEfOqwDuq9sviZl186IEoCcvQGlTlgxoe4PXM=","eF0lVcjPehpA/xD96ISeS4RbCPSx6sVUL99114lnT5w=","VEQAbWvY8LhVJtIS6qgWinMYRq3J7HenV+rFXx1DMuE="],"block_size":4096,"path":"content/html/popup/translation-back.html"},{"block_hashes":["uEHfp5n/EUHMg++JsT1zS/mJ/UQoe4ogjYlWV/6PRbE=","FDXx/JT/r1mkyMLdp/+AhowWYATnSyZ314Xn/e27Spw="],"block_size":4096,"path":"content/html/popup/translator.html"},{"block_hashes":["bCghwP7kiCIMyKE6WBqPrcMe0I0l5QATZaOdxPjCe5s="],"block_size":4096,"path":"content/img/util/1window.png"},{"block_hashes":["a10evh9MpnDUJkZYS0CKqLBL7CFllr6a8fRqep7x6lE="],"block_size":4096,"path":"content/img/util/2windows.png"},{"block_hashes":["VWBH+EPnqywo1MciTJFhYHw0FMmPI1CCI+v+vVVTAeQ="],"block_size":4096,"path":"content/img/util/3windows.png"},{"block_hashes":["CW65NryTAcHG+oZxXrMGvsGxaNxb62m1PNSoG5y2oaM="],"block_size":4096,"path":"content/img/util/arrow.gif"},{"block_hashes":["rX7xs/mVlLBYz0+FdUEX3JiQL94HFyJ0MV9o5VIpCHk="],"block_size":4096,"path":"content/img/util/arrow.png"},{"block_hashes":["pEA/NbNzx663r0k05Z8gzzLa3HtvkAtDdVXHO7J1RxA="],"block_size":4096,"path":"content/img/util/b-off.png"},{"block_hashes":["bcbv3LczMahmhuqu3j0CGmX5HRvQZPWaLS5xLmN6qoU="],"block_size":4096,"path":"content/img/util/b-on.png"},{"block_hashes":["yjB9QV/8yUPXgwD1NLSSEoBkBvTUbA30XyfpbL4Z2RE="],"block_size":4096,"path":"content/img/util/basket.png"},{"block_hashes":["Dwxeo7Ab/InLyBsFnQyhn2SWT8219UuMJwMfI8BiQQA="],"block_size":4096,"path":"content/img/util/bbl-logo.png"},{"block_hashes":["R/jcdKCY7jvx4IDZtkC+szfBOBUvn8KD8gf2iTUP5fI="],"block_size":4096,"path":"content/img/util/bfeedback.png"},{"block_hashes":["L4/kfAh5xK/Q4aQe4xcVu0FXYSO2J0Tz+LUzXCYU6k8="],"block_size":4096,"path":"content/img/util/bg.png"},{"block_hashes":["aQsFoOR02sL/CAzP7BjCBb72SPIZsyBfuRwBUFYj+GA="],"block_size":4096,"path":"content/img/util/bg2.png"},{"block_hashes":["wvC3ROfy2fl6JP3oI4H6Jj/11e181d0NqwtWJEyWw3g="],"block_size":4096,"path":"content/img/util/bg3.png"},{"block_hashes":["52l4UwnSClQeOEq4zYSpZ0PCNZij7GOXO1GXAYzmyxk="],"block_size":4096,"path":"content/img/util/bhelp.png"},{"block_hashes":["cONTD7HR07h9YqLY9Gbtlyg85bXeJiZ6Bv3c1epyMIg="],"block_size":4096,"path":"content/img/util/bhistory.png"},{"block_hashes":["j2nhCHaAW3R6OtCKgY1GrH5zGxr0F+puJZ2ba33rZcU="],"block_size":4096,"path":"content/img/util/blank.png"},{"block_hashes":["Yb/m5bXRFK/FpgU2emwwMXkXwx2Rs8KYPd8tEbUsWow="],"block_size":4096,"path":"content/img/util/box-on.png"},{"block_hashes":["sGSTpVxSi3X3dN4ZAE2eCcweDfFwbEakOh9pvhNsCh0="],"block_size":4096,"path":"content/img/util/box.png"},{"block_hashes":["i7d77ym4dv+Fqo57gaR6GaK/Wp4NuTszFeGvcxQrPjo="],"block_size":4096,"path":"content/img/util/btn-bg.png"},{"block_hashes":["M8ZpLWf952ojp2WRXNL7NiMjUxlhc6mcs7o9BFAfCWU="],"block_size":4096,"path":"content/img/util/btn-bg_.png"},{"block_hashes":["l8NPwuZMVgM5X7Ykntr/KDFNRGhih0F0w7BUjNx99uc="],"block_size":4096,"path":"content/img/util/check_radio_sheet.png"},{"block_hashes":["QDXYiAxuHv6Iyr2mK4dk8PqjT3Q5zntOdjpfsgLNqSM="],"block_size":4096,"path":"content/img/util/clear.png"},{"block_hashes":["7K3Mlj61j7xiVwv21F5VgIrEve+jqvHzotjavndJAm0="],"block_size":4096,"path":"content/img/util/close.png"},{"block_hashes":["sVP+9rvD3yofL8fI7AzolwxDZOfdKKjxcvJe/Rr6skc="],"block_size":4096,"path":"content/img/util/comp-trans.png"},{"block_hashes":["vCIEVmRkBSHNRx5Bh/1vVBodpEdYTOFvggOCOciUkiE="],"block_size":4096,"path":"content/img/util/compare.png"},{"block_hashes":["1790G1rKV9Wy55le4EM5+BAKKDIx0Ly8mUBY5bRUETk="],"block_size":4096,"path":"content/img/util/copy.png"},{"block_hashes":["x4F+4O8fYEKpTIyoF33D5lAOj7F4Lv1olXnyN29pYbM="],"block_size":4096,"path":"content/img/util/copy_auto.png"},{"block_hashes":["YX6ryzWIs7tdZGxQyRYvkjzOlPOa2X6U42GBd1GJ95E="],"block_size":4096,"path":"content/img/util/copy_hand.png"},{"block_hashes":["An2cZxHDLQygLotcKDFxW2aSPw9qDEVGoBWzBWWLE9A="],"block_size":4096,"path":"content/img/util/cross.gif"},{"block_hashes":["YkgLWEz1CTBcTSUBtcSEyeGCK496UWF+wzXSLwBl4qE="],"block_size":4096,"path":"content/img/util/del.png"},{"block_hashes":["V2kVSDaGt7wgw8pizCdmyZqvwKsgL6rJRx+CoIHCePg="],"block_size":4096,"path":"content/img/util/delete.png"},{"block_hashes":["yRwx8i4etbDNVhRvdhP2FupWegLsUg8l4Wmf12q4R5g="],"block_size":4096,"path":"content/img/util/delete2.png"},{"block_hashes":["8eOZn3p5xl871PKEcH/ckeK1KC7IMvVoc3I575yq43g="],"block_size":4096,"path":"content/img/util/dictionary.png"},{"block_hashes":["FU86ntTzrABZ/Bgzfzy00oED80mz4lZFj2o5sj08CSs="],"block_size":4096,"path":"content/img/util/donate.gif"},{"block_hashes":["hzVZNh67eHL8V18bEwjbPSJwOpGEuwoLaWm9P7pQNEQ="],"block_size":4096,"path":"content/img/util/donate.png"},{"block_hashes":["WXPNF5mOL8eyIdO/IeqwhjIFVx+fcxDIzumuhyvaBEM="],"block_size":4096,"path":"content/img/util/donate2.png"},{"block_hashes":["MYN9pVfulSUYzzDMilgvAZXB35J1tee00afZ7ko7BaM="],"block_size":4096,"path":"content/img/util/down.png"},{"block_hashes":["P+Uqh6eq1Fi/I22vBoFWTJRqTg+zTll3Y3x6sS+0iKY="],"block_size":4096,"path":"content/img/util/export.png"},{"block_hashes":["O6G8Sdr+ZFfA5t8TPXnGTWYEKwc0ftqw4ExiUm9c5Bw="],"block_size":4096,"path":"content/img/util/feedback.png"},{"block_hashes":["5WZ4BnKp4/g5DCNBG1XmrdUFLtUsh6j0PLSHJJvINuA="],"block_size":4096,"path":"content/img/util/font-off.png"},{"block_hashes":["D2Zv0XzNvHQ9fF5zx0Brb2y6CEGI+2n2YIjJmIKpJRQ="],"block_size":4096,"path":"content/img/util/font-on.png"},{"block_hashes":["WhZiIQD1M/3c707FLvt/H+D9suG+rmIihlTUtVNAw/M="],"block_size":4096,"path":"content/img/util/font.png"},{"block_hashes":["d4Mu1KGkA4Nm3mL/jkDKk1Ldyqt8bh7QnztkDBhWZl4="],"block_size":4096,"path":"content/img/util/help.png"},{"block_hashes":["TmMtjs0CocYh9otE2jfY8G2Ho1BIujiLgKJ2z/ssISM="],"block_size":4096,"path":"content/img/util/hide.png"},{"block_hashes":["SaW4BHb6hg1KjVKDl4OikS2Rin2UKAmvhW6gU6lGi80="],"block_size":4096,"path":"content/img/util/history.png"},{"block_hashes":["Zgc2jihaK9U64WMswo/sv3GEBnFoI9LmmAK54KHZ1+g="],"block_size":4096,"path":"content/img/util/hs.png"},{"block_hashes":["OINFcBPbm/3s29euZwwkvfoXGEOn/pSrBIQIat70yPI="],"block_size":4096,"path":"content/img/util/hv.png"},{"block_hashes":["LK7AqCbycXwBQexzAOvW3Vy9EgbYHtgTZOValWidoUA="],"block_size":4096,"path":"content/img/util/ImTranslator-logo.png"},{"block_hashes":["QOFJ3fZzSuKMgbr7kT2v/GPLgnLrpF7Z+JI6wdo9ECY="],"block_size":4096,"path":"content/img/util/imtranslator-s.png"},{"block_hashes":["IT+VZj5BOqZGOLmo9nJrp6unm36c0uDvw4l6qT+GXCc="],"block_size":4096,"path":"content/img/util/indicator.gif"},{"block_hashes":["QrP8qPWvlU7zkMr3341pPx2Rb+mEIJ4IUFxK3cRJ3pM=","3YvUlvWLgFyMWTU5Wetwc7AETZya0GXwFu2NoktT6Lk="],"block_size":4096,"path":"content/img/util/info-off.png"},{"block_hashes":["rBT6K9Bs6DtQ5KpXomoCTbZCYzyt7K/S1EUMrchU0rk="],"block_size":4096,"path":"content/img/util/info-on.png"},{"block_hashes":["Uisxe1+prJXUMdDT7en05v6EqO4AYK1vI4FXLb5DcRQ="],"block_size":4096,"path":"content/img/util/info.png"},{"block_hashes":["/q9EvTZq1LT/I3bR78lstlfmS71FLEfsuGMINCLJR7E="],"block_size":4096,"path":"content/img/util/loading.gif"},{"block_hashes":["M8obu2oBiRPs1VBTJcdkw/+D3gM8SDlsNYMp7pRvNeE="],"block_size":4096,"path":"content/img/util/none.png"},{"block_hashes":["hsTW+Grw75Pr/5sILx/rXwMb6kBisbkh7yhG8REDhCs="],"block_size":4096,"path":"content/img/util/novolume.png"},{"block_hashes":["yEvfzPaz3mrwcC0XRQz/3qT2mtkcqNUebq8zZTuVAYY="],"block_size":4096,"path":"content/img/util/open.png"},{"block_hashes":["wBb9G03pob6RrqkGaUXpRkxCxKf4ZYiOcErOWvkiST0="],"block_size":4096,"path":"content/img/util/patch.png"},{"block_hashes":["Cv9tz3VzsU1g4jgeEO9KXngwyHnfJc8LK7mKbG4uQC0="],"block_size":4096,"path":"content/img/util/pause.png"},{"block_hashes":["TxLr0mL74OPrvfgjP+sfLogpeXqQG8AdOiFJrTS91iM="],"block_size":4096,"path":"content/img/util/pin-off.png"},{"block_hashes":["kYHnnyOmkyiF7Ge9EqXpdEBfqB5woDbcSN2Jv7xzjNk="],"block_size":4096,"path":"content/img/util/pin-on.png"},{"block_hashes":["2+P8TTEd5vgbs74iTZYVB24Tw73pDAxo2Jo3lExJniQ="],"block_size":4096,"path":"content/img/util/play.png"},{"block_hashes":["RIQ6m0mvXpl74o3XFODbHzfAytJhRo2kj3+QmMijndc="],"block_size":4096,"path":"content/img/util/reset.png"},{"block_hashes":["6pnj0xJhD5O3MezRbA2LFcKrr3AyLj/+U49hFxd8Q+4="],"block_size":4096,"path":"content/img/util/search.png"},{"block_hashes":["qMc3g3XIyDWkJBTdcyAjbSvNkGDi8Svanr5g96PLXjc="],"block_size":4096,"path":"content/img/util/select.png"},{"block_hashes":["CyWifHlVxK/KE9LtjcGXwfCjjjACDCazf/KSEuOWeSk="],"block_size":4096,"path":"content/img/util/settings.png"},{"block_hashes":["2ggCRyfVpK+Rwd9zV1Zp3ZsKD1YuYzf8T5g/GP8LjOw="],"block_size":4096,"path":"content/img/util/settingsb.png"},{"block_hashes":["x9jEYnV6Fp3fb4Y0hWCgpOviSd7zfDNxawdZ0VVZbe4="],"block_size":4096,"path":"content/img/util/show.png"},{"block_hashes":["vebmRCgL81NNsm2nJY2aiY7+zb6M36ZTImaIFwrlgJY="],"block_size":4096,"path":"content/img/util/speak.png"},{"block_hashes":["0FD99timExm2wei33Ce4BIpp34jbtLZXr/dKRmUDpLk="],"block_size":4096,"path":"content/img/util/split.png"},{"block_hashes":["ze07lMngOJSaSIyBybqzEyiI8u2xFVzk2p9d+6Mrmb4="],"block_size":4096,"path":"content/img/util/srv1.png"},{"block_hashes":["1QzU6h00M8bhcvPK/6n8VX5IqdNjeyTvzribN2jeyA4="],"block_size":4096,"path":"content/img/util/srv2.png"},{"block_hashes":["3pNZqvrwzau7G0KBOczSoKrj2qrOlhpR2rfajwirjWg="],"block_size":4096,"path":"content/img/util/srv3.png"},{"block_hashes":["hDvaoXKFO2cMbX9MH9lj+8m9StwAUTUrmvolBAQLY/4="],"block_size":4096,"path":"content/img/util/srv4.png"},{"block_hashes":["xezLAGtrnGHcfWJWglhN5ZOof6TizyaARtcoW1qXA10=","7LIRgQ1bBaUufrZ/eQOd2HP738RDbAMXEjvUbUKkqgQ="],"block_size":4096,"path":"content/img/util/Support-Our-Development.png"},{"block_hashes":["raq+4cFfVZHBjQYxXunwm2DCpVBR08QFlyajK2uGCog="],"block_size":4096,"path":"content/img/util/switch.png"},{"block_hashes":["raq+4cFfVZHBjQYxXunwm2DCpVBR08QFlyajK2uGCog="],"block_size":4096,"path":"content/img/util/switch2.png"},{"block_hashes":["rHa3OUf/J6WxCUC37SFYNgbG9hAz5dtPd07w+LHeyig="],"block_size":4096,"path":"content/img/util/switchb.png"},{"block_hashes":["GdwdGTZj1+JiLrT+0SiO/HC6MCg5z+LJ3Aw3KzGSGRA="],"block_size":4096,"path":"content/img/util/triggerkey.png"},{"block_hashes":["VoKnqmj2g8tx+0rXkRbJRCPxWHQPn1tOmq4rprPCP5Y="],"block_size":4096,"path":"content/img/util/tts-voice.png"},{"block_hashes":["VoKnqmj2g8tx+0rXkRbJRCPxWHQPn1tOmq4rprPCP5Y="],"block_size":4096,"path":"content/img/util/tts.png"},{"block_hashes":["HUNUpTsXef9LnTkGiYj5d3+4rU581J7xOziEfZWoZLo="],"block_size":4096,"path":"content/img/util/ttsvoice.png"},{"block_hashes":["tchBrT5Oc5bQ2vNG+ebBFT9G/ZptfTILTO5T05v0SFE="],"block_size":4096,"path":"content/img/util/up.png"},{"block_hashes":["KvwmRhrjcnVFi8lMl3beiY4EYu69X6TpUqRKTBORERE="],"block_size":4096,"path":"content/img/util/url.png"},{"block_hashes":["NgLOifoW3/MFS9QZsTaZJN+0Wt1W3ouOSZjqK5Oyj7A="],"block_size":4096,"path":"content/img/util/view.png"},{"block_hashes":["kw2N6WZNPLC0MzDnsiO9x2wUteqaLNToY8cOWdcPWu8="],"block_size":4096,"path":"content/img/util/volume.png"},{"block_hashes":["cKYwaDjfTV7ZVyFOVccr6PJi/oVzcnJC35j316yGKZk=","MwLdWypei3ZS5fQJbMPKJojGez6r6A/52AUtE9GTW60=","++ywUhMbz6Ea2p0a8KX/25Z0H7RGoEg2wg+k80x8stg=","dX020K81EX8Mt2lS5PY5m6dTK5kHoWGIDA2idc7vJJk=","8FF3DWL7lJGwOwAHKEIfVRMqzIEzg6TkMBEMZNA1QiA=","YX2RzckwX3zC3TatSqsrvhLfwJmJXLhkEACKNMFyblw=","+NfO6Idk/AYLqjTnZkpEop+SvPbWa89Rqy09GSBhosI=","dMC7SHj7luLfq2D3X8RU4hUunDcOAqYfOndBbN7SCvY=","spbUJnRNAGImMHVMRCxKH1oUFOd4TxsxXxXClCnXp7A=","O15cfd0fz3ZRjpi8aALHU/vLQZ/b9AKhZ8vuvAX+RoI=","wWZRdVhI3rzFlxVrYxFuT10f9eGryWS3vky+/lXc3Pg=","T7vxzjPtD+1576hQn9mR9fUyI02i0Ep2tozaZvc8PCc=","mqSRhzHt/IaH673PqXDRgcL/9+FkDIblNIRDn0Sfje8=","euSc1ow8pZDt4vOrYZAUNOFh8t5B7wmvcDI5JmRpEM8=","S2M9RIWs6Hb6CxRLd2yfcD4cMLcfSZzai8vmc7087gQ=","ttI2NRpWSlNCl8Bmi9TFL/mPZEd8UksMQK9ntS+SIKk=","Tss7BMexFVOWK3mr/1fyR64uKSH5Wa9PeiVyZrIQb1I=","Th9C/0el0d4gzg0Y1wS0toQv59Pf1y7BGeBIebDix/A=","IYJ5HAfSsuxWvkwuCrhcmKeN6UWpYjzvi4J+UEIv2ng=","F5gox6vddQYuMp17k4Bgizmx8ZqvoNuHpaZ4UYi4Bn0=","egklSS5OYCOI6MpgaD23sfH8IPfrPcSuXKDO5pdPj0s=","KT/4iQXzIqSHnR56D63DG2WsfNvqA+usOXVHurx/FLs=","1iUuqVVECkHp6JfHwh21C+g8/HjM1wseRqzyVyXj02M=","vLLabyna8vRkAV8uPGT5o/N6NyzlJmjl3tMH0qw0Nxs=","PjJEdBD1udMhPEdiFNtOBE0ypf2AvTTEZY06kiUfF1I=","FGLVbjE68sgQfjtGZY22Ygwj7jybf1sD8ML6SkFjU8Q="],"block_size":4096,"path":"content/js/bg/background.js"},{"block_hashes":["dGsd8Ys4DSJtPgm9CRwE+fsN81rJ4LdeWUSqF/dcGEM=","OzxPSrJSTrqAHDcduWqrxo4K3nqt8yf7IhbB6OX9Iy4=","nh+J88W4OI2AElg3PEy2qz5kYGk8FcAA2NJWcU2qeG4=","tAmYSjv5CBTQretzXpMS+NdzBsNz6wL9BSn5ITRRudY="],"block_size":4096,"path":"content/js/bg/bg_inliner.js"},{"block_hashes":["jsg2le5ALEOwhdy/g2IhprhsXJrr0PYZ3tranWyXPKY=","j/N4ik0R41k7pwj5tmffAvlwursrK4PIn5R2P2C/2ws=","pBKk8HKd5JqGQ5Wb655Fx+QjtpydQbc6AC6I2DWeUlI=","pnj5S1MTlzB1fvvGpgSgN+9Sd9YgeNr1YzyAjMcmPjs="],"block_size":4096,"path":"content/js/common/FExtension.js"},{"block_hashes":["aCXQA9X67jLWl6yLN4Y/Jmrm3DH/U4HLZUbacOn4bEk=","4baxCe0pJWCtiS/SNerBRYcydME5kcECow48sm5SSfQ=","wTXYUf7skmaoaoeFJ2DycfqJgedcWFrXdZzlLfMeB2E=","dzuawy561Bp3hLkzOeJqXtW0v+9wkgns1h4lYer2ZIw="],"block_size":4096,"path":"content/js/common/FStorage.js"},{"block_hashes":["UX0a/okwHUL3gZ/QLQvN6Ac2pMaoTIN+SAPIvSJknXQ="],"block_size":4096,"path":"content/js/common/ga.js"},{"block_hashes":["E8cjxouUJQJ25nkEN504N48w876XJXW/E4xTSvn2LKE=","LNUEANj1p0Z93fyNKth9rG5uuhejaEH9EXooEuMr+oA=","InbGh7DS9z6ZPBb0kN1bObbk3wbpcw7skuFUIrSiHIk=","cehFlwH48nS4CeXvyTkB9fnA1BIk/pRV+RsrOMhmB20=","sp7mATVuxQ/8mwtN1woti1B6Z5kyMdWsDhtBdXyubLU=","rC4LZ6wZ9YRhmHgqSkYuTLGw4AhvnAWSPyqxrOwQAX8=","8wlB1ewJ33MmxA0l9mb1y1pzbRsawT75psHHvsy63cU=","ZjQ9Cg7sgQuoB/edA6eL7zjnumsW8SuVIcc1S6vZIOg="],"block_size":4096,"path":"content/js/common/jscolor.js"},{"block_hashes":["aTW+J3Lw7UU0K96wGUMcFGktmGgCzV0uxHXWuG91MG4=","KB2FEJCxmIA1WvD51mVvE1e6fY0Gt8lRCTPGeaCIIMY="],"block_size":4096,"path":"content/js/inject/data.js"},{"block_hashes":["cesxoEI3Rsry6azMaOaHFLnOtXItdKTWYff4sKYHTm8=","g49u9xcr+jMXfZrjCr2gvEuQ6K7hb5L5b3J0XXqXoOk=","ANY8daPHMja7fhVx6ilv0VeRGj5fd4LNT7pPLL0HCAA=","F/wVqZXWrw7Owh4F0YyTFFcGKEbeh1JDophgrHdqXkY=","iH2hE7fEAQBPh0tZa5M3Q5HhLkswjhpIsu9vpnlvdi8=","rtCs6OB7j6UFcvdx2ygZf0JNUf6Xl3XSax1DRTY7GxA=","K+iet/BJbn5PEHiJbpMpQWvLryEJg5nl07jnwsDXU20=","NBKE4XC497bjYobVvjXYm4cnDbsx1GtrbbnR3cwNVyc=","mpaH7NySdBpdXUZszY+S4rEghgRf835JeZbBBY5w/jY=","hN40uuBD/3qeIMVeSqyUc1ZNxsWBPv22JkEmXp47SjE=","X0RcIvCrW5Ve29dCSSzgmX9YqnJYXMxUS+AZSa1ilv0=","oRaIPqFKlkt8UjA08udzvbvr26C6ipguZPP+syuovZM=","AlUeJP18xLKLxLmmiGlxEs3lHR3O1NshwwHIzyLBe6w=","acJdloAc0myQ2ECAQc6G4F31ZGFcWxAfTAeqcB6qyq0=","AVo9pI5QUZQLs8nFNvdMAWYWfxBmrhzaxYip1xWeOMY=","9W0qTQ3eYnIot1Ufo/uFUoOo6eo12MONkovtzD0zw5k=","4o3ZwWvLLQctTbJoh40CJyYyMJ41SiXp3DIHDnqKKOQ=","Z/CMqm1i9qDi2/VbpFBFwazbqSxTvV8U4kHSiPyxdTw=","v1L8QuM1tEjm6buIIBYNKMp4zHZo/q7VAy4xWTf5bew=","d3Z138Fe2/SAeExXF233X389tqJGl7JOoHA/S+LSPB0=","y8A2dQ7VhIYTnkwsOoxIHd7+yNCIa479sOZE5itNiVk=","EYQ4RhSQX4SJ7zAHrbjqRPx6QmVWrypG7DUJzSebHd4=","EoH5o7T/ZzHrUQca+CCNrwiXoDnzRCw1X72mIELW+D0=","OlkcZk4HYnI2KiDKAMbq75xfa2Wtxwwwi521eHjM2Y8=","RSRDOBXRFm94+wuAsA0k3+ICuI/NPFV4sv7Lgea594M=","KDUozwpmFi+/RlEOoanKIaCInk89QEawiEKVfzls8C4=","YJYdIfvXF8vaqY0jW7Y233/Q5feUDguV5yxnC+sKNcE="],"block_size":4096,"path":"content/js/inject/dictionary.js"},{"block_hashes":["wYUEmj1RYHVESphlaJoJXQg6sMz6CztKBHGMllTlrAQ=","iT2rgWVpjRkOJ5vrdd32XZb1Zus5OuxRvxBDBUPlcqw=","tnoY/itlAFgmjH/Jir4wT5u+kh/VH7NnW95M9qitJz0=","Fn2zg7mv3bIdOU7JQwdhuQ40sDp0dK79m2MaQmSVgmo=","HsEmhpzMYsHUWZCPLqe/4l/cp4+jOWWGbojq0xrxmiI=","XMVZiA/M1bOR9x7wFwEVH6g9OZhhMx0/dnGMrvWgeEk=","zzS5uOCQuaHyqEormqurimWZcGj7nEFf8RgOXHnsjpg=","96zAcBXKCkKP/+dEmtBilpLJwjcqGatUm21kaHvc/g4=","dgiu/x6YvBr/3bMfyrLDL2HA51KfTZxfxWDpLQIRhdc=","CbnMtmoWhBO6wUa/jpdGEFCwoYPLx1kODVYv5kT4k/c=","MExpLV8FN9Yz2/J2QIQw2x8QhUiinfdIR+eisUJTCxA=","a++Ffv04TLpfQMqdIkzFRti+j/TKRs71CohPaHjIddw=","t6FO+8gI63Mpf4H137KMGgBEZFPZoSE5riDXfUfKQdQ=","wHsuUZGXEOteNSE9QYMhWAXOUIXdMEmqSdaQnrmJVQs=","8Q435l35vAg7ktzpgVnd4zQePxuK0JxUWqLVUzEpMeo=","gXKdE1NRMVpfBHCo8HR9xW2LKfQ8kd+L0k1cB7fUP/Q=","p/sQeirUTDI8hGtT3AorcWCihZyw+kKpeiYbT2m42Rg=","bT03AE55O4V/aUwZRMJE/xCuU6QVDUUYdDEn9W0OHVY=","DSoTjJq7P1QNav7+Hf8jmaDsnOX4qVyUec+/H+bi840=","bC+xeYK+uvc3wBwCn7ndve1J229v0CP7nyYacphAcpI=","W/EIrYYk7docsxhxABcUKrBGZL/Tj9obG3r3r/1nBwA=","tREZs99uPwuBdrm7bAOA7kdFHBDdLgKY5x1DYV99XRE=","3Mh2ACbZASZhezPOOiKg0jOAZXlc8TYRTcvrOAwvrQ0=","kqkXEbsJd0ZYBwWKOQeBV+popiL95X3WmO2hI5KgwEE=","vRK3k2vtwj+Fpv9bpb8R7fcceRjRFJNIv4y2Au0CBs4=","TeVNN6JRK0N4mUUUl/9lK/d870xkS/YNIxohKq3GPHU="],"block_size":4096,"path":"content/js/inject/TB-dictionary.js"},{"block_hashes":["H9B2guauGr9223wnLl6cO+nMmp0MQFGv5542Vz+AzdA=","ZpsMoLXRtIGfYEqhZxUBajMWspKych1glrhdeDMUhv4=","BisPJqPYrxrFHlfL/bMtsDMxxtond/TspBAkXPygFQY=","Dls+p28aDUOFKxx5bOKy9MN2huclvFSuxYUSEBuE3zc=","w7eH8FUfTyp81gHlfVQOT4og5+1ChYVbGA1e2xb4zeA=","5to0T980iCALXCUkS0SZ7JS8Gg/u6GnDdhzbf8wsxfs=","ku8hod/N5rv/PIw73J0nVXYCFRoT/RTG1RLGyuFlDPU=","yi8PHGEZtb95PamXItz2QXd/uovzlQ5nahKZKUhKRzo=","LsjYfWQkc6j2p8HYDDjNHzIlxhPr2t5I39bztx+N55Y=","c/W1pgmnuB0M5m6Pq82tgHdDaDI4SAcMfdg/p67659I=","LW7PtL1nulpdKvmLdXgxfI+sBLtlN+Pi3ca3ZtkfNfk=","ABlwW4dW7DbKdr1ziZh7cwjPeuwp58KzkqkvXOGGWzY=","Kq5R4nA2Ek8uBGD4C6rsimAnvfIqM3EpYQACFJ5cuKE=","EZPOMF+RP7vTwyX46k3UtMxCEuNEXq6ZMQI5qw3WAfw=","Nydd52PPgSQQnO2/gsAZoI6yHAPbIDJymi8sUlDPpVY=","hCQux+YXGQoOmEX9f3hwCecIDliYXFVZzo6yLmigRjg=","LhxAxHrBSqcPyW7a8ZMTOHRJXc/c3LN/VYmmVdfcdGg=","EL2PyKFuuhQLl7c901p/IUPNowR4OXl6Uo0+9/e5hqQ=","N7Z/UMbhlGrSo09n4p8T2mg+OBHb2Cn//i33kHijAmE=","egsvfflNuE+hLRnyT8Efe3GPEheBi+Yv+xT99f+XHG0=","BUGbqh5VCC3V+wGwayDzHx5J4fyecq+hi5wCtAa3Fx0=","Bb+IGNABIwB81LIPWpcjo23P1gfMO7gu3RrYy/v97xs=","fj/U0f7Plv7PW2saYShGovpRTmsoQbOolyDASRKpes4=","RhH7KF8hqHTTyq1dcvqgqXfWGCIU5m+RuazqMuhawhU=","MwVyDRXJaRtC1vvsEBkiYgL62BzLDR1tzmO0mbXuU88=","q2BTfUyMRNlejlyk792OKhVglgyLuli8IU6bEoMzsYY=","z8yEMFcvBP5PK5b2wTJs9Rn7NDjaARHrjyoDmRCPObU=","LZprd2gJRbGJDyhWdmcQr3FytbaAe/IohrZxEwrFCbc=","OAfFno3/gjXvfWY5Lqb4R4u0SeBc9OxyqxQ6bmqLosI=","Fe0I123zYiSeD6UySkbQHFZ3iK5+o2+/woOu0Tkh6zc=","e1K23jA7M2Y9njtZ5XeHfJVyX7NtX0TJWiNhwjBkfxw=","ZN78sl6fEbCBkTpc1+F4IvexBh077OiyFyJRT0V1JA8=","c6Sn0Ekxj4c9lEEhemnA6qVdnu0qkxVF1M2Yna1qq40=","4Gcr0zcNawoM5WI04UpLmzyeeXiZBG5ROsuxYjE7F/4=","KmjOm4d6FMK6DpQ3uly+6tNEF2oi10Mik8koQ6DiUNk=","b7IdLEJ/Yv0EUS6s7nZLlpskyRNSc/A9cx4rnXLeLLE=","B9bxGMrpLES3dRZLgGQcvNT6YkqYqcFy3A8mxq80/TU=","h53k1BZC/YpeHH81xFJq4ViM2A54PG1gROIJfPHu5JQ=","jfUmWC6gcStWoxwkqhzePM3DHGEj3riGOfjisgoDTCg=","xy2dvXcNPYnv7SF7etnUa3KO178gJVsSBygpXzF9L/k=","Q6PSGpGNTn3DFBn9XNNkpKrNoIuaTRua6xpl89y2fLs=","cCXLFLc4AIGl6VW3KjvHRGoYZR0rB4XcI6tHWMuVB5U=","OS0d0LMgj39iCRWN/vX6QE1uahagH6gX1+GsG45dx7w=","WTjcwjX5vUjIaikIzP2mcNSkeUa+sOTVBPYoneQJuqw=","WTJUHFTCuYTvNfufG+x4TleNhH4rkZqsrK9DxlI/QWM=","mILujD9wspT3ZRdclQOGulJSvPMuNGxMR29BrshFvF8=","HWscPdcJ0Lej5c3/wfBASI2MfFUvld7/A1MTUpJJBCU=","+aQrREL0bk0Phg4D+wN3VMkLvLdrUyKyxxx5jvvkkKs=","u7FdzxSARDCeGK2z7is0bL+HeclONFrha/IVwGu0hcc=","DCldY82SDEamoaNS2G1DcdVBKjFYtX11zPbYikZrsEE=","s474/yK6AocBaTqv4jLyLaTW7sVvPLlkXbxtNp/FnY4=","50Nj3OxXKFShEztwwWU71FEIY3KiBvKk6SbfhyEQY6k=","YQn5+BA93RoucOaxW3m21BEuhvof5VVKE33Ger6abwI=","s2T1Xb4rLcd2tzuQOo+Z0VX8xJMKw6ZBGWSnFdfajjc=","zw3AnP1CeDjlExHSpwXbdqxk75twYKJX1e7RJfmCsdQ=","bMyGorLUu+i+8L3ezNenLsGQEZqTQg++ZxNh9EN1BtU=","CbpmqW4lMozN0GlIbmbpp1tDEbEUUnhAeAN8YVCZln8=","h4TmGe2YnyD7iELbw8A3x09Y1MmezbhMx1KJOvpKh6w=","oGraedP0Y5Sx6GOLqLnEM2xWe/lbKWEhRIhgeGZw50k=","SQc8LIQbYWNZIARTwgczjMk3D7ucSGS5EyQOW31EOa0=","X+4k/vnkuXGvnM3HbB2Z0Casam8lSOFvtOoHJ/4jaMc=","Lw9zhQEnoPTqbBc1lbDVwdAsZWdKRuVlqGSEt/Ti6zs=","CGQtmbb+/kkPjIODbzNpKZbR3nNuFo37ZPZpUHW2oto=","bXllb9H0kID5XUoKITDf68GANOebum/tTr3snqFMzLw=","oIcUT485f+8zGkX5pSb3XnVUlbm4ss4/XZNGpPZyZmo=","Ook9AkMzBwYMeDPsc3dZRYvkZn0iawbrLRE5H3GJ6Ss=","072hiA0UqfyjJ4r48dyaSUpqwg6WITubpwMgjSOay+k=","3C5kJE1MEyqgPmbTj/nXgUqW0LxM+es+oFi1ziMna2A=","5z8b8G16iD1lUCUAfrn9SKoKtooJIoEtnOVxMtsv690=","hvdXa59UMrgGKiTIPb9LRercbCQ0bf/7fot7LTI4+Ic=","eFHRGha3CTgISno+gqnqCmMPH437j5lKtXU8vb6A8qg=","b+yOznuBWZ50MmAtzU4xthbn4K1DfNf17b0+cPkEIBo=","GZeA+mEcPSkfnsEpnnVf90DA4TOyqc7BVVH+krHoy1E=","tVrmElaN/sDuNtimExMUjxQJ9qvBQSKvg+BdZIZrcBU="],"block_size":4096,"path":"content/js/inject/translator.js"},{"block_hashes":["72RnCglkwf02Q5ugkDUQeTnHBGGiQY5jSt7KsNz7B0Q=","AjwNHkGHkS4NTu2EMVnTKPyeeNEOD42GednD2BZEcuI=","f31Xq9PPHj80zh7D9G5W6C7TrtkKG8zXHWa3BZ9N3H8="],"block_size":4096,"path":"content/js/inliner/inject.js"},{"block_hashes":["UzuTjY3gUO1UX0PCRcevVHLxswTlbfl9X/wxM2Q/W/M=","FqBcq8RY/3hvmTGL6+z6yDP/lE2afj6tGvex61tkFe0=","fv71PCmD1J7besJCCJySC87pghnOdbl2PG7fOVtYxzQ=","PUSyZuD50kH5wWfTAoU5pSlPQxcFkY6FTYBFw6XaBfU=","K0+MRIV2CtHQLPmxItR7dz31F0alj/FOJ0fqcfe4QnE=","dpRBu+IKPQgaaFq5ZQuwF9D27adiphPA6F2rg2nuVCI="],"block_size":4096,"path":"content/js/inliner/inliner_core.js"},{"block_hashes":["Gb2TYtkOh6AXQPBzEdliEnQwSceKSYaqBGtmCwGCgEM=","7OFCzUhuBATnMnHA2oDJBiz7loaA2+zscoCe3NfuD8U=","7HGf8hftWS6xPwwhYgMzuVofq+UDnQxG8LAZ2u4fe08=","2br/ZNJnyrVwvhZzrKdKVCRzxtM6u6DuK/WpLl0KXQ8=","8RmdUHPdlgrfkbOE5QVPqYhWzLkrmc0PeQTCBSRwmoY=","tmFjWLEWTizZqcNdRmvU0MtoZVJBYmnYJxd2hB/7gug=","QJ5bnZAXtecefWvQspL4K6w6oxnaIV8ovcFuvImIRpU="],"block_size":4096,"path":"content/js/inliner/inliner_request.js"},{"block_hashes":["x/YYMmaXXyePUldIeq98knC8OvcjX5BCX9d3CHSrQ14=","Z5ymYHFJjLDIlnsHdourAQ9tjTVaqW0eSeIeeu8/F44=","oqNZuAXbvmk2LVNe/a7F40MXmTjpex38JT1onC1AJpM="],"block_size":4096,"path":"content/js/options/ch/checkout.js"},{"block_hashes":["n0ihN20B/RVza2lU4+zH+bQO/7SW1J9Mpj/Wj/cyet0=","cLM+SPYjIc/rT0dlyTW76p96A3IbRCGH1M9jGBkxV/k=","qY8ACX0feL+2yGuQomJcgn5F3VSBrRrHMyAIUvlHQ2g=","Vzy8eenRB/JRrcvRNMu29hFK8iViaQdpGhyvyNt3SAY="],"block_size":4096,"path":"content/js/options/ch/filereader.js"},{"block_hashes":["Fqf6xshyKdWodeiLRcx/zyY6lw4pmtz3wrgNXNUJ3KE=","ojSCRtpWsNcX4ISu3VbyZvEfdcePWIxYCKlB6RedaJ8=","eGsc3d2yBHZls2IyGmmdFuLsTZCnQC97mjSZiy019HY="],"block_size":4096,"path":"content/js/options/ch/hkdata.js"},{"block_hashes":["OR1i3rdE1+rr4k3u3CuWpuNfIzIm7g+JI5RfND0rBnU=","07IE5dVs/88SmqWbeeo8KaBTxSRNQFfop4Ws/n62T9w=","hS6j8SEdzS1nXvJzSFxteiHpik7gvvyVERrW9VOP9kU="],"block_size":4096,"path":"content/js/options/ch/languages.js"},{"block_hashes":["vtz5qb7MvH8Zgr6gevUhjhP2aejP8w6KYBO/cQ2fpsQ="],"block_size":4096,"path":"content/js/options/ch/menu.js"},{"block_hashes":["1Fp9XKKTVcJwwWA1UNWT3ezmJZGO/iCYz3X6kC8uivY="],"block_size":4096,"path":"content/js/options/ch/options-about.js"},{"block_hashes":["QR4RA97FvOHm/wLUOCkVpyuv0kLez8Lzet5tSel/YDQ=","RdsqP7MGUzhbgqhhqrYQJ38VBNbJ2O2SJVQYLmNE2JA=","iRqsOCn8ySTx8FyzUH7CQ74okCfKCNDUL4greVYye6I=","fNknr1Gt64UtIKISL/Kd3J4uWpq1jIMcsz0lYs7Gwgk=","4bUrie1B2aMmhS81LKlaQuJB98gFd0KST2Uu67QmvTE=","Z1yqbB7tEc2ivQvOdlfhNe1li/4HCDSL6dtqNKvqC9o=","LKhsJ+mQyeqclSqy+CP93lY05c+5CtYIJgY/+E8M3nw=","W4RzbRgrhHz8Q0RJvLm4ldFzbsH++AgKCmzJYCxiGKU=","sTW4/D/EuJKW0bYkX4AfVuYW4WvgQXbbJhakxJRCPf0=","iUcl8dRY6hcXzjuLIysKtnPXDCPX01rvpqubsoK5ysc=","HlJoo6QWhfghhQl8hGwwQ7Q9fp4pXRQ6mE13TZD1ti0=","Mrkpqpu+hXhZGmZ/Hmf3H9TlA+/dHDLxFaLAMo2o214="],"block_size":4096,"path":"content/js/options/ch/options-advanced.js"},{"block_hashes":["FulAh6eOdVrurb5Kx70zy1Dl/jqzxqnRpzSZgPM68/4=","FgT4SPmm+6QBAPRGzpTvQj2ta36QP6MMoesh5NJDvnY=","aqOyQ0iJGfhziYv844jWm+zE+rd7nQEXQyd5o12E6wM=","xxk41WvnjBhdIVxKH+f6992aQkoh77lYYjPCPs8R/cQ=","OLIwRovlMVDIVL/GMcWh+VGCdUkaRTIp1Y7ObtPXq78=","IlTpL9S3aiVczAw6mrvF2qH4KGHjN2ctDFwLFfV0qV0=","+DdtDfIZUk1xY/0cy76Fc2IDp1Unwvnt0p5dZ1LxEb4=","izwjwBl0PHTx8jBSFlxobFas/KqEDcaiNrPq/3GsMCc="],"block_size":4096,"path":"content/js/options/ch/options-bbl.js"},{"block_hashes":["jVb6ADaCH1hfs9fOsbll5wn0GyPD5oAWFT527Grbuvk=","nF7Jk0J+IdISW3Rwxt8OXdRR/pvKsVANWBhpRpyd9xU=","czzL71Sxdc6QH3Qe4kB/GR+N6mkfTG3UtY34LdULx3M=","ubV/6NdM5WBVKSN9lVFutNKlsjjPGzdi0pZQUBvaQ24=","9pItE0rIZvEMfzqFAzEWhnCEQbsGr+ezZcY1dxiaOSs=","adMU02uz8qpGgk5cw2h+TvPu1U0g9zj2T5rdNuPZ9N0="],"block_size":4096,"path":"content/js/options/ch/options-gt.js"},{"block_hashes":["Wb3qO3+CTIp4S0IgYf4mOnQYQdoFOwf8CGdC2tJd9Wo=","0uYB440lUfnQstIIC+SkUQ3psmXwK8cIsqYghJDenC4=","nMYZO4bkTa1JhczNEvklVRdsiGthDfehgN/i/6Bzr4M=","QNr7/IYNuOZxu1fHgOsEprh9DXeONMfwN0K/p9YYNYM=","QO/FumLda53s3usAoUAu+trnC0IeAFyWtxwgcuhQtwM=","8wDqUNMv3NgV/mVXEb5ArmMZco/qKIDVSlURuDulzk0=","2r8lsyPg9WDlSbdQTDkc9YglqVtaRXq7dh4pLmdKXrw="],"block_size":4096,"path":"content/js/options/ch/options-it.js"},{"block_hashes":["OoD09rIjbmXfbOICuLDPEozhwBiaQ+oEFON3bbDHbeI="],"block_size":4096,"path":"content/js/options/ch/options-router.js"},{"block_hashes":["STGRfXrNqc1BrC6leFU05wJIvH149206KG22t2oNa5Q=","sNhVqieC6QybnDEG5xvlSIHcIHl92/uS+Te1EI9RBFc=","7PlGp+rSvFwzBKPc/NpsodZexY98NjKpf4oCJYzQwYI=","25bG3k11ccG+YZyiUTaAC+KcAFFWULFsEyfQt1Ocp3E=","Ua1FS/M+e2xIV9nesYJ6ULXuZPMEMOh9mlrqxSU7zI0=","RO2b5JwHBjEh1sXnUj65EcjV1eV2Z2qFZYOyVaPPwEo=","RxHZEoAjPte31ZCxovWena3esL3hAqE1/mG0nyB5CgY="],"block_size":4096,"path":"content/js/options/ch/options-shortcuts.js"},{"block_hashes":["J5YEloAjiNugxOY1flsbzL1apX6N49MoF1xHT3f6jWQ=","HmC3Hs1z+iskRiGLtaOgqAnasYQy4tbMWlB13xatAP4=","gN7E8pynZsLVr5JWDRt929+daynJCwqgnuhxTVFcXog=","PQYX9OeroZI1inRLvTT2MMjLIU4ozpIuqwlcu2hKyjw=","OVt2eu7sgMtyiDw/rEd77aNH0HPQwhYzkCJ2kO83VIM=","+oLPpgWoHVcNz7u0uM5W5o/FBnI/XRLd3mRVax0dWc0="],"block_size":4096,"path":"content/js/options/ch/options-wpt.js"},{"block_hashes":["01jprzGFE7VM18QPDf2PmfzXPPZ5qM9V59ux8cIAsfU="],"block_size":4096,"path":"content/js/options/ch/options.js"},{"block_hashes":["npqRzq0TN6nwSKCjYQVXTqvgiY5P/A6qpVyjxTw8SgI=","tWSkpjHA+ft5IWkPmdGl5I0Rrve8/ExsmWR3jokxYQA=","BKPrHPhY3/26M4i/jgk6PHUHGMe1DoG9+XX5In4XHXM=","KZqboSLzf+SfuadfBA/4LkqWZzfr6EENoam5/EbjqxM="],"block_size":4096,"path":"content/js/options/ch/providers-it.js"},{"block_hashes":["npqRzq0TN6nwSKCjYQVXTqvgiY5P/A6qpVyjxTw8SgI=","YQXcqmMDzoGmNYOM5lBI4HuJDhDJ3uMVfjv36yDJXKo=","JbjH1bAbwJlneId6DkxGICk5Arnj371U84QHaIWRRWw=","+2DXQJ072bnaXPr1M2cEnDknRBg+smYtjmtPuSDE2lQ="],"block_size":4096,"path":"content/js/options/ch/providers.js"},{"block_hashes":["lJ/lvb44hQ9xviA0wKY+ua/ShpqFNEQbU2koNZ1wlbw=","V4aMd11ANXYrJx4oKMskxwjdDxb/BuJoHQvjwn38bBM="],"block_size":4096,"path":"content/js/options/ch/util.js"},{"block_hashes":["lPO5EypFT/4zstSrqTUXt39pDG8wNJ0xEusMg3SKk0o="],"block_size":4096,"path":"content/js/options/feedback.js"},{"block_hashes":["rHm9WR3fJgOcS/1Q424JZTl/WO/N+pJPOsMZ+JL+VKk=","Q7fSlFTsgpKQuswpH8/hal76a8PgvoibZO8QugIl7Bg=","hWYYYjoNmKMcAyeo1SJm9m5l25i/xVC3KlRZL5DoarM=","kCiTkzsjS8mdp/ljybJEIEJckOsO7qviv8s+6YFE26o=","gC61Q1I3uKTIrJPwm12f0MVqbcrGTvv5BMuy7ADm96w=","ybz1Ba82JuxdrbgqaEMckDXYFzlnlSci8nOBQQQfpNc=","YgxUP5raGxmyqfIjkZIpMw2jozBFz+i7qd4Mi1W4/oc=","h6gZVjT8FnUDK1xhmI9WdCkktU38D4IyE8jxmWGVl7Q=","jcRM2oXB7McGmKmpwmReb03a0zeg4VqSiTS70657CZI=","fR/HnM9vd5Du63edyR5UgPxGvyUOa0Dpa88WLW/EsxA=","wjjkVC5p6ewHxABkJtLR6A1V1Gp7Qd7Z7rTfUp4tHrQ=","81SVk8KgcXuiE6j7Y6q8ozHKSH6k+kKbHIEfWohk0Sc=","8Kv3gTa82L44YyXPvU1bVnVumywObBgfpElPVA/XTCE=","d8UED8WOkuQPnNY+FSH2L82VH/CerwgDnaVh9zFeUNY=","gp71VFXM7wAGSWZeui/ksuYHmhDWgwMlDZfz+++gBvE=","Rdqj7I6GEoaSl3seDnv2zxpieb4vKAIg3nNjd4SSz8A=","oNFsdhIRF0v2QcC+5SfdtTGTkwZ0rfPj8pftlZw2vxE=","yMrJq/aX8RoKI34JFSOQLIkrYc9k9AwzIXhuf1ziIHA=","gt4Ke5UyCTSJK0A7ggsVGyY7Bm9khnF4Qw33QjInBvk=","1H4sZcHVFSuEvAJ0WxUNE22CAVgopcK88MfR6ZwwqNM=","HgMzAkhtmI/xy9O0w5lf76kA7ftGydCoMROG6bpt9oo=","sOFzAVDMdlElmVFQvxtIO1OiCTBxinaJPwrElYdt0+0=","PcSEAsaV/olYzMpnQLS7lTl1Y+H0aZq+I8r0xVv6Am4=","2zbJR+wCLGgXK84sZ1b3fzawfYHN1fWTdc+yqLcg55M=","1X4PCjDQd8m+yDGW2jVv/yTADwHzes1V6Gw9BvLW964=","W+YcKkiOFdJNNIl2dvPL9qno6abC0AK0uyO2CyAYeb4=","Cd1tPbciMON3wE083YskpPeUvBDV9Kb5ay5H3pWetzQ=","RUSbYL8cxGfdNMG9xUXgFywLoy4RJpmrptFO8OtU+3A=","Dj3W6Q5yJLfvpvp1DK/fhVq1Z/NeoPujDUnjE/OamrU="],"block_size":4096,"path":"content/js/options/history.js"},{"block_hashes":["MCnAcBT3pp371Te0If+EdTPKbt4tM5WLk5uQeECOxCU="],"block_size":4096,"path":"content/js/popup/redirect.js"},{"block_hashes":["wGZ3ZFIDIBZZ3fW6kxHoGzPF5Jr0g89/IJwA0NDCtwU="],"block_size":4096,"path":"content/js/popup/router.js"},{"block_hashes":["9Ft6QO4C+RBsZ82wJQ/dgb8yjzR3FUhIKjm00zluAfc=","Ub13/qNR6YYClVIK+eD0i61Y9LAfxP86Kqtv6yjoIBY=","XMCn2XBNW3+uRPHclkkbhtEh1aFvh2yfM5yEhg+/ZnM=","1yO1yVAQTma+g2smwrkZ1o5rmgjz0wSFHV0vX3Nk6PI=","dNt9CYRtSe0AyGNay/oiv8BWQoZJ6fb/m7iUmqez5Qc=","dec1jXzKzlhXUqvrwSQm3Esd82E/0M0+s4+W4pr+jKM=","GPrn26dOwqAsYwQs/7ZNDqrTsADjg5ZSB8cgZFFXYOA=","Y3W/6gqnHO9NyguDoZLt06ERgtV1tMvjiuaaWWbSMqg=","pMXSfrZ2iVzHosHYmJOhXDKa+DFRiIFIx+GycgX6hwI=","5I98kV8uF0xLSk7A9TaxeIBrJIg90PV5aeMH2g18Ziw=","J5UsYr7tFzEg3c4NhO29IKibvcLQEtvw69Td+1mhkRg=","suZ3ovDkQE2jswzRLY7AgJ/CFJxjhgnFvUWP8xCZA0g=","XAE1MeYcSkpOFc5DGLkKv2cmVxJCf9gdc3D4qJvLDqo=","1WCgOjNjWBjfAhuvnOTcsCN75LDrzEHW4t81hyl+KXE=","vmL0Ug3LDEWWJ4jUtNq2A8S+v35I+uJWq209UoZVlMI=","pr4lTf0Lj9YPCQzuKFj1KnL7JPq19WFdYhd+FAiZPoY=","UA7qTwgbqfdOxHvCajIND4FegDWvmKLz86KsO6TARBI=","75HQ4RnzO0FjRaXQ096m9AMAHkXWZVD3v/K1n+YEGMk=","MyZo379YyC2YVST2JrC21xISv+wNomicggJ8Z384QFM=","5jGSfQVFwg+d6v9qv7zNlkEAdUp3PLdmo5VvoCtlzsI=","JTFeY9CrxiS+J05ffWLM8WSDS1BiOUNrqrkstgZP6vk=","DpSD4V0rHYLnLyEowipaX3XC+CoQA2onqP9bS0Z5UlE=","nJk6gKOI+M4vQlvNAtOYgo3ft2wvNQ9hVh3POhzsa10=","eWeOnWFm8joFVjsqZNl9d+wWRvFPnvL62g0+MhieUNU=","qP1Ay68+zG9V8M5Gg/7VIC/SCew43QTrBOdZK4VuNLo=","B0Q82WVJUEoiISNlye9nNVfU/tkZkEJuSlzN9gTHdII=","JN/6RgLoXWHLMhcvilVz+v9FHqQDPCvwfJJSiXjyXoM=","N6P+tDbi1AX81xSfjkxYdPWvqTSuCOJuNDaBTzo9VwY=","atrZCXlGZH9k8Qgq/zhHfVJ9ZFMOljdoi41SQG3DbOo=","xmof2NN0s2mEefzg6zglIBhfXq09HqLmkQrYMr+urm4=","VOclqs6p3oc/mzJzpWmGt4A+VagA1UP8beDsfwonQnA="],"block_size":4096,"path":"content/js/popup/selector.js"},{"block_hashes":["x6SuYVBo5K1HKSo6U3YT8JFsQLc8SIGju4DRcCeL+oU=","6lsfCrJoP+AHsN7p1HOL1WIg6bCB36wUWgR3AVQ7nuk=","EhRVTNz9EEHgFhtBH6iDiV7l29g0VIUn0A4I7rbn7kQ=","Z0StF7hY38VC15F2+jCgN37XlR4d5Pk9oZ6dUDputZs=","yvfNIN4FbIirN9M5e8kqnI5Y0Vjq++/fPdLpPSMepWk=","6kKf8o7mxadRT0QL4ncDGpVAvDoci4vgabBb3n/7Zyg=","bWkXlDResatW8DDq5kBDnNY3TST+lO33yCX2izRDBhk=","WQGPur3ZjOttpi+qGVSnTgDKOP9rtsV1MVwfMc5V5vY=","/aaMRIODEH5GSZWJSJu+VtbV6mtLa1cfSwmVWEekbj8=","EkzSsa1FE3dazsmS0tImgMyX+/BOjFxdiGVWGul+rGM=","Xy2rmVowG8p4uTMKQ7h7l4L3YM4/vRq8+naT5klO0hY=","xT0KpV0Xknetg0DyX1tJSh33BpYA3TyWzAERa8XbXns=","Th+sxdiZgqyk4NXiy/Pm0FRR67LEt/DF85ZZUBSy+0A=","Xvthr4AH1PXBUQpN0Pq0js5gMM0vSvEl21dY1wX2INg=","SnBPV6v/+3YkdkTcaUgeVm43ne0xlZw6JsMC4uKWU7k=","ZxlZYXbOIYskXWZkvFC5oqEjbbm6up77Ut2x3LdFygg=","rrXtN+9KC5S/jMTmQSsVa2alM0nhPrxdzKjyvR1jo/A=","44oka7GicTYnj00KaHY25oO6y/T3+E6KgxOcSjn6P2U=","N2hnLLPPSQEn+dLUdrGuCjZfPntRqAte0IYPYHcoa0I=","IM88CIh4A2UhrRWqvV5ZlXkfdqSo8Nec/O3rQ6ObctY=","ISbRlozO7kvTtrI9MV9jT7iE6tirzd8zBRbPT9drAIk=","hs7kNkPDcw0FCraTus1XnNm5BggQiO4XbigHJ7GFwsU=","+SdVcoEanFuUsWX/GV1vg0ywgDjL1hs/X8fjCtqbufw=","vRB3XW56DAU0nscrG+kfonJTAbL9JpzchPxNSHujS5M=","WoTgtCUlmIiE9XsPvfktU1ccmavMguP0PaE5YP4SI0o=","r0ttJTtWkmaqViegQ4A+Jkb3PxKlmhlEN5XdiXFaOV0=","rZSrGvrn2E+1ySRWDcwvnOHSnOZR77Am8DsntSivhUA=","sJCXe2DNrxA6TwcXFcVu1eqx8J4YexLGWsMm2n8cY1w=","F3CVNHD9CdHw/et4KOS2VrLVlh/LE75q73qsMI7Xmp8=","LgBSsCtmqSC8NE6TfknSeKaYbb8oJBlG/PYBzKzcV8o="],"block_size":4096,"path":"content/js/popup/TB-selector.js"}],"version":2}